File Name,SHA-256 Hash,Last Modified Date
00_LU_ANCRDT_agencies_v1_0_10.xml,fca9bad566d0fa07b3b8d9396dbf79ba70ba6b58faec799c5c8280fa414181bf,2025-12-11 11:18:16
00_LU_ANCRDT_agencies_v1_0_7.xml,57a6cffdb1a8c7e2d650b45163bf5954f02e9d290f80ae7b479dae9b3ff6b4a5,2025-12-11 11:18:22
00_LU_ANCRDT_agencies_v1_0_8.xml,170fcf63d016f0bb93ea0abe58486691131882b34d02a572810fc9742ffd4b05,2025-12-11 11:18:20
00_LU_ANCRDT_agencies_v1_0_9.xml,4c0c700355e4f03f52a7111e0d2d6795d54eccda1c31ae9b4bb4bc05f1bb854e,2025-12-11 11:18:18
01_LU_ANCRDT_full_v1_0_10.xml,468ea0ad882c5d4e6526aad379144b587870a006371410f3b2fcff21251afb5b,2025-12-11 11:18:16
01_LU_ANCRDT_full_v1_0_7.xml,8d07f077360bf557eb7e0e0bce28b3f27f653282987bc0bea454edcd412d00c7,2025-12-11 11:18:22
01_LU_ANCRDT_full_v1_0_8.xml,f4c6a8602d6c7de444b8f07e51c3d04608e6d4b59213b54e229872347e25acc2,2025-12-11 11:18:20
01_LU_ANCRDT_full_v1_0_9.xml,665ce22cd000bb23a827dbf6936d39edec5d82a264bcd7e94c17d6d98cae17c7,2025-12-11 11:18:18
AnaCredit - Technical specifications - v1.0.10.pdf,bedd5479ce71da433db6bfa9e7247a78f30cc97413c5570a6afb9ceebe007990,2025-12-11 11:18:16
AnaCredit - Technical specifications - v1.0.10_track_changes.pdf,3be71bed5d2619c11b8af183244afdef00791305f818e591b30958e60f057f8d,2025-12-11 11:18:16
AnaCredit - Technical specifications - v1.0.11.pdf,e4b784d3cdfad110904a36a1dfad0a79c67a29cd33dfe3b94c4fa9a704238709,2025-12-11 11:18:13
AnaCredit - Technical specifications - v1.0.11_track_changes.pdf,c350efa1c2133899fe880b39d5a0d676594add21fdffb99872d95711af5839c3,2025-12-11 11:18:13
AnaCredit - Technical specifications - v1.0.12.pdf,be5b125da19a9d9519aa64bb459631b6225ba50615d04f9888711429aa40b2cd,2025-12-11 11:18:11
AnaCredit - Technical specifications - v1.0.12_track_changes.pdf,2481378f14722ab29a8eb5fc41ebdeddf54caede2c18a081daeb2eabf862b32d,2025-12-11 11:18:11
AnaCredit - Technical specifications - v1.0.13.pdf,e86637b82b024ccc0ddd5eca874d6969239d51d2f91f284d9df22aadb876590a,2025-12-11 11:18:10
AnaCredit - Technical specifications - v1.0.13_track_changes.pdf,ef965724b783c066232394b9f0e958378dfd00a60ff4a62921791e50283defa6,2025-12-11 11:18:10
AnaCredit - Technical specifications - v1.0.7.pdf,d7affd01ee269906317138dc762490ac35c1978b0969467f9644f4c44ac1173c,2025-12-11 11:18:21
AnaCredit - Technical specifications - v1.0.7_track_changes.pdf,54368787abbf3b103a9a8eb1836637fa0e7e6e094a78874126d62445023040ca,2025-12-11 11:18:21
AnaCredit - Technical specifications - v1.0.8.pdf,ec7cb0c94d8ec0366c39c3f03c04c6dd2e36737be7453f0b1a1b0d28d279134d,2025-12-11 11:18:19
AnaCredit - Technical specifications - v1.0.8_track_changes.pdf,087d4e89d76c58cbf08a730cda569b82001cce8bbcda05bfc784ba1f20351885,2025-12-11 11:18:19
AnaCredit - Technical specifications - v1.0.9.pdf,20d7f83f959e94104df5184337e0ca5bcd65c3917810643b529cc7586eee6ad7,2025-12-11 11:18:18
AnaCredit - Technical specifications - v1.0.9_track_changes.pdf,2a16d84352d53d7f4355889bfcadfa2497d26ff3653dc3af0926f00c94abdffd,2025-12-11 11:18:18
AnaCredit_cube_structure_v1_0_10.xlsx,eed43578a4d08fc12b2bc6c50929afa9604c292507688d9d11e9f829c1e56253,2025-12-11 11:18:16
AnaCredit_cube_structure_v1_0_11.xlsx,278b6e61447c7032ac12384236eac21ae8dc67fa1c39ec0b0f9db223b7925df8,2025-12-11 11:18:13
AnaCredit_cube_structure_v1_0_12.xlsx,f4cbe06c0a2478ae4e822c6ac2a10570344c841f16fa2cc22d6b430609c5bcc9,2025-12-11 11:18:12
AnaCredit_cube_structure_v1_0_13.xlsx,1fe1f3741462fd5a323866b048fe547357681224d392b9e9271694a73cd2eaa0,2025-12-11 11:18:10
AnaCredit_cube_structure_v1_0_7.xlsx,49ca9776fc21bf8816dc26b966eda82897a2294c38b4ab0e22e6284206535129,2025-12-11 11:18:22
AnaCredit_cube_structure_v1_0_7_revision_marks.xlsx,bda8f6fcef41384db2c9fbce915985330245ce43aabda1350e30caff7cb4e714,2025-12-11 11:18:22
AnaCredit_cube_structure_v1_0_8_2023_EN.xlsx,0f38236a9a68709b8178edaf53c9fdac939e62d1b907682ac57aa32e7dae4c86,2025-12-11 11:18:20
AnaCredit_cube_structure_v1_0_8_2023_EN_revision_marks.xlsx,4c8a11c2927e099b6528e309fad769b12e88895ed6d904dacb5b4fa2ee57e313,2025-12-11 11:18:20
AnaCredit_cube_structure_v1_0_9.xlsx,4a65a24fa292adfb269827772878b579d2adf9e06b33fced0f2610f2119b4b03,2025-12-11 11:18:18
AnaCredit_facets_v1_0_10.xlsx,57fdd036f722ef0519e27b677aa6a74611c5a9ddf431786e81ee2f3f11e280c3,2025-12-11 11:18:17
AnaCredit_facets_v1_0_11.xlsx,c8a9370b708476a2eacdd5ba04ae2d8597e671608cfe73f9bf1bd2aa08d19b38,2025-12-11 11:18:13
AnaCredit_facets_v1_0_12.xlsx,dc06c709b8a1040a6a570e95bb3f760ca3e549c460afc9ef752d12c3a68c16be,2025-12-11 11:18:12
AnaCredit_facets_v1_0_13.xlsx,ff6bcb88ce75d9e20acd802bd67a9ab90eb9b488a9e98054d4614305f0ab4020,2025-12-11 11:18:10
AnaCredit_facets_v1_0_7.xlsx,23ad7cf36507186fb90f680bdeb908f8a5f3f87f8249718f5c24674383edae0d,2025-12-11 11:18:22
AnaCredit_facets_v1_0_7_revision_marks.xlsx,ccaf896a4cc020ff2a8c712f4ecb4f82badc2bf69456d641673376bd57bd8d7a,2025-12-11 11:18:22
AnaCredit_Facets_v1_0_8_2023_EN.xlsx,00b1974721569e383f9b8886ffc080b38a05fe9973a8129d8e9a4ef8a1f0b17a,2025-12-11 11:18:20
AnaCredit_Facets_v1_0_8_2023_EN_revision_marks.xlsx,2bd2e5872d88cd61092f92abd1f955d7f70d33b31758c4ab38cb8c7d683a9401,2025-12-11 11:18:20
AnaCredit_facets_v1_0_9.xlsx,99c6460e38653820240e156f4e3d9866c2259b98b0ac587ac7806638c5e6e479,2025-12-11 11:18:18
AnaCredit_instructions_EN.pdf,c69d7f4cea23f20794aae661a8a2861568e279451130a5e5591bac651fa9a1e6,2025-12-11 11:18:06
AnaCredit_instructions_EN_Revision_marks.pdf,567fe6e49139a8ee889564b24172430c1b9a3eef2d971e911781bcc9e8e549ab,2025-12-11 11:18:06
AnaCredit_List_legal_proceedings.xlsx,fc0ba52a768ade8669eb7edfef1ccbe09946b0192fa84e25bfddf46b97c7b576,2025-12-11 11:18:06
AnaCredit_list_reporting_agents_EN.xls,53f567e504c99bfd8b61dae8917550da1d2da80c7ce64872631c3b7ad98e3215,2025-12-11 11:18:06
AnaCredit_list_reporting_agents_EN_Revision_marks.xls,ae277f30b5a6e3081b1e504029e922f62693461b63523b971ede51fa9f2cb03d,2025-12-11 11:18:06
AnaCredit_list_reporting_Member_States_EN.pdf,082a7ff51b136e61c0439cc23e2e61ba7093603f3d92ac83b67f2ff0d3d9fc74,2025-12-11 11:18:06
AnaCredit_list_reporting_member_states_EN_Revision_marks.pdf,4bab9fbde1bf0e63615cd9b5dd7459ac10926260841460ad30a9a6d26d7cfb17,2025-12-11 11:18:06
AnaCredit_methodology_comparison_BSI_MIR_2023_12_EN.pdf,c0c77f9604e3b4aa75592b9d137b45be49a27efc2b0c73691dbf058ada47f930,2025-12-11 11:18:08
AnaCredit_methodology_comparison_BSI_MIR_2023_12_EN_Rm.pdf,7383a2130fc93d6c4a7810d89978becb313314ce2a4a62c814cf8d7d4a14df9b,2025-12-11 11:18:09
AnaCredit_methodology_comparison_report_FINREP_2023_12_EN.pdf,23227e1017350465a01bd7d3fd41fd707335d1c2e0b59a35ada90e94c60f5fcb,2025-12-11 11:18:07
AnaCredit_methodology_comparison_report_FINREP_2023_12_EN_RM.pdf,8b328ee1549c898551478ff9fb7d7e1dce77e6c2cbfd8d8ea4c026924dba6995,2025-12-11 11:18:07
AnaCredit_methodology_comparison_report_FINREP_EN.pdf,8104376b9064336ff389dca6043fa3d4d80979ec1e6ced95ef0ee2c424a54b74,2025-12-11 11:18:06
AnaCredit_methodology_comparison_report_FINREP_EN_Revision_marks.pdf,4011da9d7b85d0ceaf7d21a2e33a66781ca52d55c7f85cb92e19810ca79595c9,2025-12-11 11:18:07
AnaCredit_methodology_comparison_report_iBSI_iMIR_EN.pdf,489d28ec88412d6ba008c46a2e444877c7ca5db3817cb8c2bc211e247943b121,2025-12-11 11:18:08
AnaCredit_methodology_comparison_report_iBSI_iMIR_EN_revision_marks.pdf,ff6e762993779690e3f29b58a6bb670ff77651b1ad7c83738342ad6f6bd68de0,2025-12-11 11:18:08
AnaCredit_methodology_comparison_report_S25L_EN.pdf,2ce17fc25d785cb0690f5b2187517edb764a1806bb0d750a65b2b797db6724f1,2025-12-11 11:18:09
AnaCredit_SDMX_schemas_by_reference_date_EN.xlsx,c228fc62a2f77b2e0b9e5c0f89a00368b9f57f3c7d1eca0cb14a19c0ca78daf6,2025-12-11 11:18:06
AnaCredit_SDMX_schemas_by_reference_date_EN_Revision_marks.xlsx,575883e374871b4fac285cb5d446d83c429b8ef3a359200a52e81b9102bad9b8,2025-12-11 11:18:06
AnaCredit_subdomains_v1_0_10.xlsx,130a1aebbb09723af89b82b8de6fb0651920285587bc04dd3dd735b1ac17497c,2025-12-11 11:18:17
AnaCredit_subdomains_v1_0_11.xlsx,e56fa5d41c153ee32bcb4b5fce4b2161b1ca6ef20011fde8ea0a9a3b71548524,2025-12-11 11:18:13
AnaCredit_subdomains_v1_0_12.xlsx,7dd1d4d670e3fe5d053577dd9127194891e698483a3e5effc59e9d154b3563cf,2025-12-11 11:18:12
AnaCredit_subdomains_v1_0_13.xlsx,27319e0c94bf5aed87fb154a8cb62d0ace3b5c3a6b6d8fe2fbb6def862554062,2025-12-11 11:18:10
AnaCredit_subdomains_v1_0_7.xlsx,cd9ab9f1293080dd0f1217062edf2c14dd3a21d447f4423780127d1197932de0,2025-12-11 11:18:22
AnaCredit_subdomains_v1_0_7_revision_marks.xlsx,1c9934add25ebf20a949f080cb1f5616981c775223725a157a1a3507f6d350d2,2025-12-11 11:18:22
AnaCredit_Subdomains_v1_0_8_2023_EN.xlsx,0f9933a6e4192214ccbce3f624dcb7315b8c5c9cf250e1a1a107819b8c7c4ea6,2025-12-11 11:18:20
AnaCredit_Subdomains_v1_0_8_2023_EN_revision_marks.xlsx,e1614d455964b079727d5f100f0da45fb37c0e7fd1de48868f859e470b6dd8f5,2025-12-11 11:18:20
AnaCredit_subdomains_v1_0_9.xlsx,c29ed6ba0ce5fb36919a8ee9f04b71239c8612482e095e596d5982385079fc80,2025-12-11 11:18:18
AnaCredit_Technical_specifications_v1_0_10.pdf,bedd5479ce71da433db6bfa9e7247a78f30cc97413c5570a6afb9ceebe007990,2025-12-11 11:18:16
AnaCredit_Technical_specifications_v1_0_10_revision_marks.pdf,3be71bed5d2619c11b8af183244afdef00791305f818e591b30958e60f057f8d,2025-12-11 11:18:16
AnaCredit_Technical_specifications_v1_0_11.pdf,e4b784d3cdfad110904a36a1dfad0a79c67a29cd33dfe3b94c4fa9a704238709,2025-12-11 11:18:13
AnaCredit_Technical_specifications_v1_0_11_revision_marks.pdf,c350efa1c2133899fe880b39d5a0d676594add21fdffb99872d95711af5839c3,2025-12-11 11:18:13
AnaCredit_Technical_specifications_v1_0_12.pdf,be5b125da19a9d9519aa64bb459631b6225ba50615d04f9888711429aa40b2cd,2025-12-11 11:18:12
AnaCredit_Technical_specifications_v1_0_12_track_changes.pdf,2481378f14722ab29a8eb5fc41ebdeddf54caede2c18a081daeb2eabf862b32d,2025-12-11 11:18:12
AnaCredit_Technical_specifications_v1_0_13.pdf,e86637b82b024ccc0ddd5eca874d6969239d51d2f91f284d9df22aadb876590a,2025-12-11 11:18:10
AnaCredit_Technical_specifications_v1_0_13_revision_marks.pdf,ef965724b783c066232394b9f0e958378dfd00a60ff4a62921791e50283defa6,2025-12-11 11:18:10
AnaCredit_Technical_specifications_v1_0_7.pdf,d7affd01ee269906317138dc762490ac35c1978b0969467f9644f4c44ac1173c,2025-12-11 11:18:22
AnaCredit_Technical_specifications_v1_0_7_Revision_marks.pdf,54368787abbf3b103a9a8eb1836637fa0e7e6e094a78874126d62445023040ca,2025-12-11 11:18:22
AnaCredit_Technical_specifications_v1_0_8_2023_EN.pdf,ec7cb0c94d8ec0366c39c3f03c04c6dd2e36737be7453f0b1a1b0d28d279134d,2025-12-11 11:18:20
AnaCredit_Technical_specifications_v1_0_8_2023_EN_Revision_marks.pdf,087d4e89d76c58cbf08a730cda569b82001cce8bbcda05bfc784ba1f20351885,2025-12-11 11:18:20
AnaCredit_Technical_specifications_v1_0_9.pdf,20d7f83f959e94104df5184337e0ca5bcd65c3917810643b529cc7586eee6ad7,2025-12-11 11:18:18
AnaCredit_Technical_specifications_v1_0_9_Revision_marks.pdf,2a16d84352d53d7f4355889bfcadfa2497d26ff3653dc3af0926f00c94abdffd,2025-12-11 11:18:18
AnaCredit_Validation_rules_EN.xlsx,4655fed3c384a44190dc34ac2a5712c5f562466870ced88a3b04656fdbdeb284,2025-12-11 11:18:06
AnaCredit_Validation_rules_EN_Revision_marks.xlsx,b743b81b434906029ff02bf846889a364ff2aa41fb545f796b76362105d2f7dd,2025-12-11 11:18:06
ANTREF_202112_LUB05665_20220115-001.xml,3040028186922c5798db197c9f04a5c7d882edd470cc6f40e7935fcbabdaaac9,2025-12-11 11:18:22
ANTREF_202309_LUB05665_20220115-001.xml,192bc01e51dab2f570456858f64f28243dbac2aca50a7234247a9f876fa32e78,2025-12-11 11:18:18
ANTREF_202503_LUB05665_20250415-001.xml,eb7d8f4a8048e174e9fd8d65c119aed871ded65d1d1d35a8270f0fac8094135b,2025-12-11 11:18:13
ANTREF_202508_LUB05665_BCL001.xml,c3d720d4d4f8569a67c61fa275f0c86fabc4b8dc1f826ae19f6c696c6f21ea1b,2025-12-11 11:18:11
ANTREF_202601_LUB05665_BCL001.xml,cecf1336bcdb788d760c11a03a72e06bc9786aa79229243b418851c0f1e0ea50,2025-12-11 11:18:10
ANTT1M_202112_LUB05665_LUB05665_20220115-001.xml,0af3a69d0ac15e4851285c56039e3ce102771508a9255115f2eab3b6e6cee0ba,2025-12-11 11:18:22
ANTT1M_202309_LUB05665_LUB05665_20220115-001.xml,bf0c1de5b55c712f1513abe6d3aaa564a340f58929ebba71a0250bc9f51c48f8,2025-12-11 11:18:18
ANTT1M_202503_LUB05665_LUB05665_20250415-001.xml,23702a1be535ffd43a834f6805b03a3ec82eb5d73f9361ce41e3bbcc43b68c9a,2025-12-11 11:18:13
ANTT1M_202508_LUB05665_LUB05665_BCL001.xml,e7389def2852e8cfb9749f6de5df209a9172473e9d87286676c98c5b916e6969,2025-12-11 11:18:11
ANTT1M_202601_LUB05665_LUB05665_BCL001.xml,db931d444f0074d774ea9d9351a57091d7552c92fffe7c0ce992c49989c69862,2025-12-11 11:18:10
ANTT2Q_202603_LUB05665_LUB05665_BCL001.xml,bfc6f170e34ac46185b16e28bb3a4a54db8984756d46f9a39371ae5c2aca34bc,2025-12-11 11:18:10
BCL_ANCRDT_T1M_v1_0_10.html,d8d820f2c5d67fec0f63604bcf4a47bd200e1361346532225635bb1bbdc82a92,2025-12-11 11:18:16
BCL_ANCRDT_T1M_v1_0_10.xsd,e750f783fc7f7814317d1a5d1cc177e49735b9db43a46ee894f0ec1cd96cd0bc,2025-12-11 11:18:16
BCL_ANCRDT_T1M_v1_0_10_p1.png,ecb067c83e6d616ec1cf4d86cd6d17291f79c090087d81e3473fca89ce354bf2,2025-12-11 11:18:16
BCL_ANCRDT_T1M_v1_0_10_p10.png,ffe42d8020983b413298f4099637191ee2d137fb82a96c404a14ad7cc4d03ec6,2025-12-11 11:18:16
BCL_ANCRDT_T1M_v1_0_10_p11.png,d0a274c280bd716ea8775cd2ba3cd1e13e36b0d0c9e74d2fbff56ad15e90a939,2025-12-11 11:18:16
BCL_ANCRDT_T1M_v1_0_10_p12.png,d9c0914a8e0ad9ff99a1cd0c4466c7dae743813d686dd476f885976cfe08a3f2,2025-12-11 11:18:16
BCL_ANCRDT_T1M_v1_0_10_p13.png,421e8349ba95380ce8329a0d591485f7c91281a3bc9df823a8f39297af49b555,2025-12-11 11:18:16
BCL_ANCRDT_T1M_v1_0_10_p14.png,9380011c6b1c4bceee82be4987a53d6e9745636942c94c0953ddba9c01894da2,2025-12-11 11:18:16
BCL_ANCRDT_T1M_v1_0_10_p15.png,b92ca5f78c5654b8e04f72a4f222518d96c97d1c2b17053c4904ec98f87568e5,2025-12-11 11:18:16
BCL_ANCRDT_T1M_v1_0_10_p16.png,ade5c9fe20b3600261215eac6c6b8d5437b928270190ef005f5f866162813924,2025-12-11 11:18:16
BCL_ANCRDT_T1M_v1_0_10_p17.png,e6937463f78a4dd26de012bf96e031ce6875f8eac0bf4642a1edb6e35ae4b37e,2025-12-11 11:18:16
BCL_ANCRDT_T1M_v1_0_10_p18.png,1d6eb8e01f00db0e6bbeac6736b36c758565d88022702f891cda0c7b01715a85,2025-12-11 11:18:16
BCL_ANCRDT_T1M_v1_0_10_p19.png,5b9c112763d41ab67a4337f15969925dcd47d3cc6aa83212a294b69da74fdb3a,2025-12-11 11:18:16
BCL_ANCRDT_T1M_v1_0_10_p2.png,c2ad356a765445a270de4518e7d8f2191b9e97f431ca3291c48f362993daf2c3,2025-12-11 11:18:16
BCL_ANCRDT_T1M_v1_0_10_p20.png,d34c406e015fd7cc406852864262ae0a5673d2933d68384319f65a2c0a7ff2cc,2025-12-11 11:18:16
BCL_ANCRDT_T1M_v1_0_10_p3.png,5507689fb56ccb9f7f13aff890f8285d9110befefa1d86e0922f918f552a094a,2025-12-11 11:18:16
BCL_ANCRDT_T1M_v1_0_10_p4.png,2076dfb3ab02307d7e87ed3a8470aec439b0284ca8991bbfec578a2b560e4860,2025-12-11 11:18:16
BCL_ANCRDT_T1M_v1_0_10_p5.png,4bb4dbcfd040b3ab0154f422f297b4226a1d6e418a99fd5247b234aec13edf56,2025-12-11 11:18:16
BCL_ANCRDT_T1M_v1_0_10_p6.png,9958bb482d35c118a86e206d6b48988cd822f97d29d4dba5c989125feedb36de,2025-12-11 11:18:16
BCL_ANCRDT_T1M_v1_0_10_p7.png,20fa6f638f413c16e048b90ed7fc887c67c93f5fc596f819e004459e1a80867c,2025-12-11 11:18:16
BCL_ANCRDT_T1M_v1_0_10_p8.png,4bb4dbcfd040b3ab0154f422f297b4226a1d6e418a99fd5247b234aec13edf56,2025-12-11 11:18:16
BCL_ANCRDT_T1M_v1_0_10_p9.png,c1afae531959bd0fa2c8e2004d279988e76ee2f816ce63c23b074894e2e3c3f4,2025-12-11 11:18:16
BCL_ANCRDT_T1M_v1_0_11.html,e1708a8dd4e4afb43498e3b40df1c2723568d3689e76edb4878a70a8bbeefb56,2025-12-11 11:18:13
BCL_ANCRDT_T1M_v1_0_11.xsd,cb3026c920588026b70144543084db89899944984cf95ea231a6e64f736f0903,2025-12-11 11:18:13
BCL_ANCRDT_T1M_v1_0_11_p1.png,e77311c60cc1c9c3a6494e8b35050b13fd4ef637c48bcebe583516ee7d099e06,2025-12-11 11:18:13
BCL_ANCRDT_T1M_v1_0_11_p10.png,42a0b3f6480580b9ba3c5d3aed081ae518295148e3503a5dc4ed534080102b61,2025-12-11 11:18:13
BCL_ANCRDT_T1M_v1_0_11_p11.png,580b8b39d918079a8db37d32e26c6bba5b548957f9381883857000c17d08fb8a,2025-12-11 11:18:13
BCL_ANCRDT_T1M_v1_0_11_p12.png,92d679219756d65e79963c532909bce06af081c41fa8ce8afbee9a5ba15bef66,2025-12-11 11:18:13
BCL_ANCRDT_T1M_v1_0_11_p13.png,05274d18469fd426f03d4a245bae432fa95f197840e5019c830bf8fee48037ba,2025-12-11 11:18:13
BCL_ANCRDT_T1M_v1_0_11_p14.png,83bf71050742f4c25e330be14979dadeb34bd46f644613868046455235b09621,2025-12-11 11:18:13
BCL_ANCRDT_T1M_v1_0_11_p15.png,3cccf6e751e846adf1048a52908a7a054670be7c941b6371ec9846c7203b0d64,2025-12-11 11:18:13
BCL_ANCRDT_T1M_v1_0_11_p16.png,e00297311bddcf84efc48c8370aa66dc6d8937015782ac6644fdd30b4c940725,2025-12-11 11:18:13
BCL_ANCRDT_T1M_v1_0_11_p17.png,0db4a219518464cdaeada4482846d2f28b95a854bb3a20844c1bb7a227998a1e,2025-12-11 11:18:13
BCL_ANCRDT_T1M_v1_0_11_p18.png,2138d5c3a4c244447421f594f19005f054e14ed2eea6625ae27913ce1b021053,2025-12-11 11:18:13
BCL_ANCRDT_T1M_v1_0_11_p19.png,15fdc4f6e1129e96de1f6c7b3095566744352c52284825ac829964d4fe2dbe64,2025-12-11 11:18:13
BCL_ANCRDT_T1M_v1_0_11_p2.png,0b94173be8ebfa3412ed62d9d7b8633a81a440a87f9fbff3d730820cc8f4db5d,2025-12-11 11:18:13
BCL_ANCRDT_T1M_v1_0_11_p20.png,54c6a05402638dbad06ff6209ac033fd2e18743b9d12289725cf2596838d9c5b,2025-12-11 11:18:13
BCL_ANCRDT_T1M_v1_0_11_p3.png,3612e9e9955281a9b9e6a19b4170373c0d3f84c22c4d499229634b07872bec01,2025-12-11 11:18:13
BCL_ANCRDT_T1M_v1_0_11_p4.png,c06e58016f5f3f37ecab835ee58ed70628bf53165f2373c3db2449b312bd7794,2025-12-11 11:18:13
BCL_ANCRDT_T1M_v1_0_11_p5.png,8ad78059d4f41b3d5c05e48613d9ba84f7cc34bd3ae1a19b7ea1a512ce801d23,2025-12-11 11:18:13
BCL_ANCRDT_T1M_v1_0_11_p6.png,034185ec4fa3ed6ef80ac0156d7556728f3714d9b50bb9eeaded6432765de23e,2025-12-11 11:18:13
BCL_ANCRDT_T1M_v1_0_11_p7.png,341526631d8d286fbc899f30d14da6f8bd971ae78689bf65c13c08f556f36d1b,2025-12-11 11:18:13
BCL_ANCRDT_T1M_v1_0_11_p8.png,8ad78059d4f41b3d5c05e48613d9ba84f7cc34bd3ae1a19b7ea1a512ce801d23,2025-12-11 11:18:13
BCL_ANCRDT_T1M_v1_0_11_p9.png,60b043a2abc40fcfef9d77ca1ee12dbfccdc3d1ae16de979b92c1c59e30de695,2025-12-11 11:18:13
BCL_ANCRDT_T1M_v1_0_12.html,9305614f32eba2872f984c0af387ace25923b9ddd1a7ba9ba9cf82b1608892e2,2025-12-11 11:18:11
BCL_ANCRDT_T1M_v1_0_12.xsd,0db05c062cf6b356bbdc11dd5a9097d5e0524d4895864829f2ddd4440d456aa3,2025-12-11 11:18:11
BCL_ANCRDT_T1M_v1_0_12_p1.png,34a8cece580b7f21bd5ed61fac530dbe5cb175c8b77f7518959ecda076b312ac,2025-12-11 11:18:11
BCL_ANCRDT_T1M_v1_0_12_p10.png,c5831c7d1b9a78d633938ea042fe8902cff7fbd5027520c7347e22d98ee74ec5,2025-12-11 11:18:11
BCL_ANCRDT_T1M_v1_0_12_p11.png,61aae4c4eef349faeaceda4f2ab9ef98782349ea1384d94d4a5c9f0f3548691c,2025-12-11 11:18:11
BCL_ANCRDT_T1M_v1_0_12_p12.png,34fc2383edee486f8cb792d2e7c9b545611b004c3c9dca85db1220a2878fae09,2025-12-11 11:18:11
BCL_ANCRDT_T1M_v1_0_12_p13.png,e2773960f7255caebbcd4efeafb1c0ac3cef3ccc6c3d0fe9eb57400a6b891b4d,2025-12-11 11:18:11
BCL_ANCRDT_T1M_v1_0_12_p14.png,bb356ed22cdd6febb3776359984940a86ce8e477ab3b7885509ab7f76b030bd9,2025-12-11 11:18:11
BCL_ANCRDT_T1M_v1_0_12_p15.png,9ed9c8a3148245d2765cbf12abb81ce0e88d6442ce881c16ef987c62b9f56e40,2025-12-11 11:18:11
BCL_ANCRDT_T1M_v1_0_12_p16.png,b68da190bd6a7bf0514d786bffe353998440139e1e1f36e47942f058ea98cb14,2025-12-11 11:18:11
BCL_ANCRDT_T1M_v1_0_12_p17.png,b81a52b816122d8fc88076e5356ef9b23a56b2dbdb2cc303a0ab8d22b12eb8f8,2025-12-11 11:18:11
BCL_ANCRDT_T1M_v1_0_12_p18.png,88073b20e26ce71555e3725b2a231bd9f7aeb68edf964badf30e516aa5ba5d9a,2025-12-11 11:18:11
BCL_ANCRDT_T1M_v1_0_12_p19.png,6a11190e5b86736833dfc96f4babece374506f0d0ff70b7f9930dbdecdf58275,2025-12-11 11:18:11
BCL_ANCRDT_T1M_v1_0_12_p2.png,b3db089f2418a47446884d9c3802e9adccd8fe4828c15e854734cc1ecde66242,2025-12-11 11:18:11
BCL_ANCRDT_T1M_v1_0_12_p20.png,218808f3f20f1ad67c0aa816ad6ab097b907db5c7c119948c5d35e85770d3798,2025-12-11 11:18:11
BCL_ANCRDT_T1M_v1_0_12_p3.png,5f5acf868ffd908e8cf3d4fbb1180bdfd74bfe17ede83b82171c61bc15225d5a,2025-12-11 11:18:11
BCL_ANCRDT_T1M_v1_0_12_p4.png,c06e58016f5f3f37ecab835ee58ed70628bf53165f2373c3db2449b312bd7794,2025-12-11 11:18:11
BCL_ANCRDT_T1M_v1_0_12_p5.png,9d414e43a969854a4b9675ed18aaa86ccbbb73ac616906df770cd4fb98591e54,2025-12-11 11:18:11
BCL_ANCRDT_T1M_v1_0_12_p6.png,034185ec4fa3ed6ef80ac0156d7556728f3714d9b50bb9eeaded6432765de23e,2025-12-11 11:18:11
BCL_ANCRDT_T1M_v1_0_12_p7.png,341526631d8d286fbc899f30d14da6f8bd971ae78689bf65c13c08f556f36d1b,2025-12-11 11:18:11
BCL_ANCRDT_T1M_v1_0_12_p8.png,21b15296fd62c8b6118865dc2d613456b9e00f53f68924ba17030f3549f45c45,2025-12-11 11:18:11
BCL_ANCRDT_T1M_v1_0_12_p9.png,d796eacf650d9fa583e150164ef6dd8ef9f71f5f74e46c5aa83a28b807446569,2025-12-11 11:18:11
BCL_ANCRDT_T1M_v1_0_13.html,03c190c962bd765bd86adc97646de61ac13590d59cdcae1eb79d128d119c9332,2025-12-11 11:18:10
BCL_ANCRDT_T1M_v1_0_13.xsd,5f0e5689714979ddbb07c7bc012a9f13f7938166c8221c24d48555110eec88ae,2025-12-11 11:18:10
BCL_ANCRDT_T1M_v1_0_13_p1.png,e697671da5593f1de637b2a035253a072fb1791bf3a54ae4f34f478da86a130a,2025-12-11 11:18:10
BCL_ANCRDT_T1M_v1_0_13_p10.png,42a0b3f6480580b9ba3c5d3aed081ae518295148e3503a5dc4ed534080102b61,2025-12-11 11:18:10
BCL_ANCRDT_T1M_v1_0_13_p11.png,580b8b39d918079a8db37d32e26c6bba5b548957f9381883857000c17d08fb8a,2025-12-11 11:18:10
BCL_ANCRDT_T1M_v1_0_13_p12.png,92d679219756d65e79963c532909bce06af081c41fa8ce8afbee9a5ba15bef66,2025-12-11 11:18:10
BCL_ANCRDT_T1M_v1_0_13_p13.png,05274d18469fd426f03d4a245bae432fa95f197840e5019c830bf8fee48037ba,2025-12-11 11:18:10
BCL_ANCRDT_T1M_v1_0_13_p14.png,83bf71050742f4c25e330be14979dadeb34bd46f644613868046455235b09621,2025-12-11 11:18:10
BCL_ANCRDT_T1M_v1_0_13_p15.png,a27cd3240107fea929c31febf423645e7738321aab7983625b91d37292deedd8,2025-12-11 11:18:10
BCL_ANCRDT_T1M_v1_0_13_p16.png,e00297311bddcf84efc48c8370aa66dc6d8937015782ac6644fdd30b4c940725,2025-12-11 11:18:10
BCL_ANCRDT_T1M_v1_0_13_p17.png,0db4a219518464cdaeada4482846d2f28b95a854bb3a20844c1bb7a227998a1e,2025-12-11 11:18:10
BCL_ANCRDT_T1M_v1_0_13_p18.png,756a7d7bd1b4c901d61cfd7a4a975d4db15ebd957a9c6666592f9cd78a76c6e1,2025-12-11 11:18:10
BCL_ANCRDT_T1M_v1_0_13_p19.png,15fdc4f6e1129e96de1f6c7b3095566744352c52284825ac829964d4fe2dbe64,2025-12-11 11:18:10
BCL_ANCRDT_T1M_v1_0_13_p2.png,c05df8c192d6e07d2b69130274aabb1ea76d80e0dac73b0bf7c430d11f4f5556,2025-12-11 11:18:10
BCL_ANCRDT_T1M_v1_0_13_p20.png,54c6a05402638dbad06ff6209ac033fd2e18743b9d12289725cf2596838d9c5b,2025-12-11 11:18:10
BCL_ANCRDT_T1M_v1_0_13_p3.png,5fb08bb2efdc873df4cf43b0eb7f9b451de04e2c5a92b0731fdba1b59cc7501a,2025-12-11 11:18:10
BCL_ANCRDT_T1M_v1_0_13_p4.png,c06e58016f5f3f37ecab835ee58ed70628bf53165f2373c3db2449b312bd7794,2025-12-11 11:18:10
BCL_ANCRDT_T1M_v1_0_13_p5.png,8ad78059d4f41b3d5c05e48613d9ba84f7cc34bd3ae1a19b7ea1a512ce801d23,2025-12-11 11:18:10
BCL_ANCRDT_T1M_v1_0_13_p6.png,034185ec4fa3ed6ef80ac0156d7556728f3714d9b50bb9eeaded6432765de23e,2025-12-11 11:18:10
BCL_ANCRDT_T1M_v1_0_13_p7.png,341526631d8d286fbc899f30d14da6f8bd971ae78689bf65c13c08f556f36d1b,2025-12-11 11:18:10
BCL_ANCRDT_T1M_v1_0_13_p8.png,8ad78059d4f41b3d5c05e48613d9ba84f7cc34bd3ae1a19b7ea1a512ce801d23,2025-12-11 11:18:10
BCL_ANCRDT_T1M_v1_0_13_p9.png,60b043a2abc40fcfef9d77ca1ee12dbfccdc3d1ae16de979b92c1c59e30de695,2025-12-11 11:18:10
BCL_ANCRDT_T1M_v1_0_7.html,a51ccdb4e355b4d42eaf413d7f5f8b3f73c48a02ccd6de0b1b4eb74253d1afd1,2025-12-11 11:18:21
BCL_ANCRDT_T1M_v1_0_7.xsd,5845e0daf29d34efefb79298ad9510212ce88841b5699e07fad71a19eb2f1826,2025-12-11 11:18:22
BCL_ANCRDT_T1M_v1_0_7_p1.png,4cad3ad87bb781bb491b6d4822a03f5c3b70459a8e757a36dd7237f9fc206bf8,2025-12-11 11:18:21
BCL_ANCRDT_T1M_v1_0_7_p10.png,ee28b62c670a123a82478b2567f03d4ca98ede6646cec8baffe462cd8de87fa5,2025-12-11 11:18:21
BCL_ANCRDT_T1M_v1_0_7_p11.png,67d3160fddd08a67842b866fe2d873ad805981f99d97e91f0b8f47511d01efde,2025-12-11 11:18:21
BCL_ANCRDT_T1M_v1_0_7_p12.png,0c84ed9329854c2dde104577fc38e6b408e591043d80a5382dd09ea12205f1c7,2025-12-11 11:18:21
BCL_ANCRDT_T1M_v1_0_7_p13.png,8e6c0c3b61d284689dcce48c6e4a4feb8435ad3965c814153b70758f3451d263,2025-12-11 11:18:21
BCL_ANCRDT_T1M_v1_0_7_p14.png,67d3160fddd08a67842b866fe2d873ad805981f99d97e91f0b8f47511d01efde,2025-12-11 11:18:21
BCL_ANCRDT_T1M_v1_0_7_p15.png,b5fd43925afd6b0435514f88b2854061d25e778ceeedac39538cf9876604e722,2025-12-11 11:18:21
BCL_ANCRDT_T1M_v1_0_7_p16.png,53d4a43ce68d1ac00967e2d72a4f6ffe068b23265b94ce8733601a9a3c0c6e31,2025-12-11 11:18:21
BCL_ANCRDT_T1M_v1_0_7_p17.png,16d7f31e5d734f344bbfb49ef4f24991e57e03b1efdd2887c0b2a4fe9794140c,2025-12-11 11:18:21
BCL_ANCRDT_T1M_v1_0_7_p18.png,6c16eddf55e0eb61621617e197a98e23b25753b257f28420082bf5d49edddb0e,2025-12-11 11:18:21
BCL_ANCRDT_T1M_v1_0_7_p19.png,e2c446fc65716c48f578ea4036fb447490532d91dab8cb51750a494bf5755a7a,2025-12-11 11:18:21
BCL_ANCRDT_T1M_v1_0_7_p2.png,8883bba9853aa521dfd1299d35f10b2b5aa5d87125524f2ea1a1aa8189b78063,2025-12-11 11:18:21
BCL_ANCRDT_T1M_v1_0_7_p20.png,f602809476a4bc74e37a3c972034d1f81eac22ec4793308f4a0a7728717831e5,2025-12-11 11:18:21
BCL_ANCRDT_T1M_v1_0_7_p3.png,4739c0b084db86cf208f5664d085b2ab311741cc0b75c521d688f4f958401a1a,2025-12-11 11:18:21
BCL_ANCRDT_T1M_v1_0_7_p4.png,bf1ffb66327b0e75955c6697c642d7502438bd4866c8b943fd470dec6c722ed7,2025-12-11 11:18:21
BCL_ANCRDT_T1M_v1_0_7_p5.png,400fa668ef8c300c6f73701831947469918ab2679ac0f463e26b4a198e871741,2025-12-11 11:18:21
BCL_ANCRDT_T1M_v1_0_7_p6.png,b503dba92965cbffa6cb7aca16594ad4738dc366f7c5b4f06e15aa4933ada23e,2025-12-11 11:18:21
BCL_ANCRDT_T1M_v1_0_7_p7.png,0498d955c7ca7ac08325c800d33de0cf27648920368ed1d4c7320833f8dc2706,2025-12-11 11:18:21
BCL_ANCRDT_T1M_v1_0_7_p8.png,7addb62ed9e4399d4d8361c3faad9db7ec27591ab05f3f01eaeae5f55c2c5f58,2025-12-11 11:18:21
BCL_ANCRDT_T1M_v1_0_7_p9.png,780639d2257afa8bb1816e25eeb1baa4ddee6db2fd39f472f1a778e5dc6d94f1,2025-12-11 11:18:21
BCL_ANCRDT_T1M_v1_0_8.html,c860d6e6d78c31dcbf3058ba41512f6ad4519604b9bf7cb1814a0b0e8145e9a3,2025-12-11 11:18:19
BCL_ANCRDT_T1M_v1_0_8.xsd,3af6b98189e953f5717c4fdacaa2d304d5015153c09af93dc9d32b6f4c383116,2025-12-11 11:18:20
BCL_ANCRDT_T1M_v1_0_8_p1.png,b229903215090083f9fb12f4837da734a2e854a28e368482127560c88e753115,2025-12-11 11:18:19
BCL_ANCRDT_T1M_v1_0_8_p10.png,0da693e2bfc5d918f67e1b2f4e766593722d7d2eb2fdb2f382839bf51cab5301,2025-12-11 11:18:19
BCL_ANCRDT_T1M_v1_0_8_p11.png,1821d02c57db7a56d0d3ab61adf5da518c59804e0e13c4c16e367801add3b0ff,2025-12-11 11:18:19
BCL_ANCRDT_T1M_v1_0_8_p12.png,c4f3d4e57fb94b0642ee2483fe060a07010d82054ced58116be5974924e847ca,2025-12-11 11:18:19
BCL_ANCRDT_T1M_v1_0_8_p13.png,8e6c0c3b61d284689dcce48c6e4a4feb8435ad3965c814153b70758f3451d263,2025-12-11 11:18:19
BCL_ANCRDT_T1M_v1_0_8_p14.png,2a9645d52f9d1d7e537443ca035929979f6512b7f98de587157cc5fe3c908ac5,2025-12-11 11:18:19
BCL_ANCRDT_T1M_v1_0_8_p15.png,9337a3cadfabb8f47d761106dd688ce22cebf7f15da3bbc2effeda47be592940,2025-12-11 11:18:19
BCL_ANCRDT_T1M_v1_0_8_p16.png,53d4a43ce68d1ac00967e2d72a4f6ffe068b23265b94ce8733601a9a3c0c6e31,2025-12-11 11:18:19
BCL_ANCRDT_T1M_v1_0_8_p17.png,16d7f31e5d734f344bbfb49ef4f24991e57e03b1efdd2887c0b2a4fe9794140c,2025-12-11 11:18:19
BCL_ANCRDT_T1M_v1_0_8_p18.png,92cdf0b2ea0b3de6c170af22e516e85916e47611baeeabac7f6aadb16c37b14c,2025-12-11 11:18:19
BCL_ANCRDT_T1M_v1_0_8_p19.png,03e23fa12fad75a30546dd591e0065465cc05d171f46c32729424c15878e1b25,2025-12-11 11:18:19
BCL_ANCRDT_T1M_v1_0_8_p2.png,d94a94ed8f5ec6603a88708d42c5b41213a049826a2700846d9a10f14b2ed30d,2025-12-11 11:18:19
BCL_ANCRDT_T1M_v1_0_8_p20.png,76ac1c82c59de92e51830327ff3767cb4796e217509892eca9a2b33f8bf1dc1d,2025-12-11 11:18:19
BCL_ANCRDT_T1M_v1_0_8_p3.png,142819af9b356268963cdacafc0280725d72127108c9cc3fe04cf8107516cf93,2025-12-11 11:18:19
BCL_ANCRDT_T1M_v1_0_8_p4.png,2515ad43bf7d8b46997b049ef32ef299cf75df2bd63d982781078ca1f64056ae,2025-12-11 11:18:19
BCL_ANCRDT_T1M_v1_0_8_p5.png,a5d09c595bf83c353b2909e17b2c57dd742ef529e4b7f8626437714ad26ebac9,2025-12-11 11:18:19
BCL_ANCRDT_T1M_v1_0_8_p6.png,a440f8f1e9fe12d5aa0e9b24c24705cff29613289713a79741e1e0520df271fd,2025-12-11 11:18:19
BCL_ANCRDT_T1M_v1_0_8_p7.png,e58fb6fda9efd6162dd481837cf041d386bb08336dd085e2ad994ca0b3bc4b5f,2025-12-11 11:18:19
BCL_ANCRDT_T1M_v1_0_8_p8.png,71f333496c2203e8ce572938a42145cca752dffce1afdeae57fa669febf0bc1e,2025-12-11 11:18:19
BCL_ANCRDT_T1M_v1_0_8_p9.png,f11c2b17931e975531bcf16cdb3d0c9cb52a3d250cc9523e4bf4e8c67bd18909,2025-12-11 11:18:19
BCL_ANCRDT_T1M_v1_0_9.html,9487089b1aa1bc72e883d1a03c176a2fecdd18937b394a2643b5b8c59d754921,2025-12-11 11:18:18
BCL_ANCRDT_T1M_v1_0_9.xsd,5cb0401c1f89b08ff2bb919e6651e993efa03cbcdf4d304575348da5a0955d26,2025-12-11 11:18:18
BCL_ANCRDT_T1M_v1_0_9_p1.png,6431baba91400cf6cb7f4841d4080387b9cc26c20e0a67ff29c75467b67b6a25,2025-12-11 11:18:18
BCL_ANCRDT_T1M_v1_0_9_p10.png,ef9fb5e68271ea0f18f98600102622adba74630ec96d98df3dc670013557ef22,2025-12-11 11:18:18
BCL_ANCRDT_T1M_v1_0_9_p11.png,3fc23fdeea3fd5c5d9e677ffae4ad83b1ad8b9d10d7f57b8a9c4162e0edfa3e6,2025-12-11 11:18:18
BCL_ANCRDT_T1M_v1_0_9_p12.png,90569c1852b6721e920c4d7e85616214d3406fbffd9da00b12445cfefecc0425,2025-12-11 11:18:18
BCL_ANCRDT_T1M_v1_0_9_p13.png,025975ccfcdb47c693b00f23c44922293007b3e7580464b5b1726a916f716d7f,2025-12-11 11:18:18
BCL_ANCRDT_T1M_v1_0_9_p14.png,33e160c9de9f091386b0f521dcad8fd869b6b5423771dc7f0e5077199205e656,2025-12-11 11:18:18
BCL_ANCRDT_T1M_v1_0_9_p15.png,70931a73123133165b25457d8ddabb5af809fc78439625518a75913230296be5,2025-12-11 11:18:18
BCL_ANCRDT_T1M_v1_0_9_p16.png,492d1db9d5ef1e1774b52cd14dc481c414823d897bf0827d2ac7f6fd8cc0e1a4,2025-12-11 11:18:18
BCL_ANCRDT_T1M_v1_0_9_p17.png,151672da5077294aeea36a77bf118f07c5749c9b8d166ee4f21c657ab1d4951b,2025-12-11 11:18:18
BCL_ANCRDT_T1M_v1_0_9_p18.png,2f718873571352d7087958e36e51b8d6bf7c792f0e43692ba8eae1103a41afd0,2025-12-11 11:18:18
BCL_ANCRDT_T1M_v1_0_9_p19.png,a198a09ccad9c1075c655249baeb0ea5bbd59e6c084683c5653fe78304bcb683,2025-12-11 11:18:18
BCL_ANCRDT_T1M_v1_0_9_p2.png,47398dcb9ac51bb290a35e76cf485b712861c34dca0b832c6786c36e420ddd06,2025-12-11 11:18:18
BCL_ANCRDT_T1M_v1_0_9_p20.png,cfa16917906a57c3d5eb855a8407118344f259de098a6b2870ab260415b508c3,2025-12-11 11:18:18
BCL_ANCRDT_T1M_v1_0_9_p3.png,40889f14b98f743bb6fc765b1cf01e276bd722614abfe16cb297a52b25983ac0,2025-12-11 11:18:18
BCL_ANCRDT_T1M_v1_0_9_p4.png,1269efcdb0a3a7ab095aad1bd767ce7113d3320c5b7c41b1c044928300e4bd3f,2025-12-11 11:18:18
BCL_ANCRDT_T1M_v1_0_9_p5.png,3a2a14444019dc81d9ddef1643069c4e9b40c9842dddfa998ef1bdaf6a663b0d,2025-12-11 11:18:18
BCL_ANCRDT_T1M_v1_0_9_p6.png,2f8336f79310837a48727251f864932c55b574b09b554de5aeb150aa2539e0c5,2025-12-11 11:18:18
BCL_ANCRDT_T1M_v1_0_9_p7.png,1cb1a86c8cc9eb0589bd864925af99042f69c75c04d8b358fad1f54e95f1e9b6,2025-12-11 11:18:18
BCL_ANCRDT_T1M_v1_0_9_p8.png,3a2a14444019dc81d9ddef1643069c4e9b40c9842dddfa998ef1bdaf6a663b0d,2025-12-11 11:18:18
BCL_ANCRDT_T1M_v1_0_9_p9.png,452463a6f76a2330c090612cbbdcbe8d05114107acf1f18be1c5327ec0ea1593,2025-12-11 11:18:18
BCL_ANCRDT_T1_REF_v1_0_10.html,7e71824ba1ecb3b444bbcf9ebc33ed4bfbd56294915962c1907d2a81419de63f,2025-12-11 11:18:16
BCL_ANCRDT_T1_REF_v1_0_10.xsd,2a1245ed26e48e66c9f58f522df4bfc924715124d3c82bb2a2bef3908a5bef6b,2025-12-11 11:18:16
BCL_ANCRDT_T1_REF_v1_0_10_p1.png,e913b6660ff5d4d36e6fa03ef67b2424a9bbed74ce368ab7444398620614bb6a,2025-12-11 11:18:16
BCL_ANCRDT_T1_REF_v1_0_10_p2.png,62dacb4952936fbc4d5acd2df7ae10bd918b2917b4ccc8c7e571bf844e684f82,2025-12-11 11:18:16
BCL_ANCRDT_T1_REF_v1_0_10_p3.png,59809ba64093505f48101132c16364a668c6dd594e12b19b7186e05bb4ed14db,2025-12-11 11:18:16
BCL_ANCRDT_T1_REF_v1_0_10_p4.png,0ab742807fad39b100a8c58357262b31aa9fdc808c56d4746f6fe1aeb22cbc3c,2025-12-11 11:18:16
BCL_ANCRDT_T1_REF_v1_0_10_p5.png,0fda0f6326f5d5890d552d88e39487245b8b3975f9454698521ca03df28925a6,2025-12-11 11:18:16
BCL_ANCRDT_T1_REF_v1_0_10_p6.png,2c1812d5d58114ea199600c4aad343975ae0587c342bb6575b61ab7b2118e88f,2025-12-11 11:18:16
BCL_ANCRDT_T1_REF_v1_0_10_p7.png,df0398a85be4339b2678b24bdb944eb7c6f70340586fe7a7ed480b47deaf9bf6,2025-12-11 11:18:16
BCL_ANCRDT_T1_REF_v1_0_10_p8.png,d57f9fe1cdb796b4a7189aad1de3fd85bdde623591b611883e35bd5346a8ef38,2025-12-11 11:18:16
BCL_ANCRDT_T1_REF_v1_0_11.html,882a76a653cc0a8eda5dd3a720a8c02a432f94f52999d3939f5a22d2d477736e,2025-12-11 11:18:13
BCL_ANCRDT_T1_REF_v1_0_11.xsd,6f9b8642ed9283bd25e14869d97c5aed24a5d99b5240fac4ee48e6fa769fb940,2025-12-11 11:18:13
BCL_ANCRDT_T1_REF_v1_0_11_p1.png,428e07f4f91d77a3649a25529a3f928e2611a2f81cc9aa7462827d4d84fd68c9,2025-12-11 11:18:13
BCL_ANCRDT_T1_REF_v1_0_11_p2.png,e89f039d545dc7195fdcd715f35a1db62c28184278485966b36903d7a3a818ce,2025-12-11 11:18:13
BCL_ANCRDT_T1_REF_v1_0_11_p3.png,11ab68b05fe65ab0dac7d358f56b215f33aaa5542bc3d6665c31a746c1d0cd9a,2025-12-11 11:18:13
BCL_ANCRDT_T1_REF_v1_0_11_p4.png,d1eaf4f2409027b8956e9a01aa8247530b8ff9dd90833da2c954e709c41dbafd,2025-12-11 11:18:13
BCL_ANCRDT_T1_REF_v1_0_11_p5.png,0c4d32871c43d4581c492bce5f934bdb6910222f907c807fe14fdb3e916e9f05,2025-12-11 11:18:13
BCL_ANCRDT_T1_REF_v1_0_11_p6.png,00c97704a6ca0fa6fc76c9215a9024eeb5ced3787e10d5a4a342f1691788a589,2025-12-11 11:18:13
BCL_ANCRDT_T1_REF_v1_0_11_p7.png,8c55d003eae2e0bbce6a209539c9c9e108e11b7f04a5a359d4d963cdac3b2acd,2025-12-11 11:18:13
BCL_ANCRDT_T1_REF_v1_0_11_p8.png,c57a268084b48b0a6c10d8c84dcf849672ce0048ec813f1b842628fef6ec1899,2025-12-11 11:18:13
BCL_ANCRDT_T1_REF_v1_0_12.html,50c8d831bb72328a1fec9d84c215230f953c292772ff93b9ec69264f3b8e1648,2025-12-11 11:18:11
BCL_ANCRDT_T1_REF_v1_0_12.xsd,c640ba67c82aa6a97d04edbc401186f374163055658ff18c48bc0e37a70be37b,2025-12-11 11:18:11
BCL_ANCRDT_T1_REF_v1_0_12_p1.png,2d00a0fd7fb75245f77187c6952c36ca8e46e1d85c871c6412344e347f302e70,2025-12-11 11:18:11
BCL_ANCRDT_T1_REF_v1_0_12_p2.png,c8997eebcbaeeca0aeccd4ea5620949d1dbb04041e11f6076222deb5eecd1d21,2025-12-11 11:18:11
BCL_ANCRDT_T1_REF_v1_0_12_p3.png,f151e32131ae7cdb4870fe329f79dcfeea55bf4b39448629915d1c4bf95068a0,2025-12-11 11:18:11
BCL_ANCRDT_T1_REF_v1_0_12_p4.png,d1eaf4f2409027b8956e9a01aa8247530b8ff9dd90833da2c954e709c41dbafd,2025-12-11 11:18:11
BCL_ANCRDT_T1_REF_v1_0_12_p5.png,d106f4065d5a09448e6733f0065227e6ef829386723feed58deae59708e4ba85,2025-12-11 11:18:11
BCL_ANCRDT_T1_REF_v1_0_12_p6.png,23af8621753b007b202f817d9e60d33df51b7fd8dd7803555c3958f80783d2d6,2025-12-11 11:18:11
BCL_ANCRDT_T1_REF_v1_0_12_p7.png,6e5f6c12ca5e7bbc449d8b85d5571810fda57306635fa651e5ace0cfab706b34,2025-12-11 11:18:11
BCL_ANCRDT_T1_REF_v1_0_12_p8.png,085d0034024eab58f608163c815ba818717288a53a4d9750d657bea13325408f,2025-12-11 11:18:11
BCL_ANCRDT_T1_REF_v1_0_13.html,3bb2a7158708616f90b221c9ae3ba72033215d87cc179fb5c854046ea93571cf,2025-12-11 11:18:10
BCL_ANCRDT_T1_REF_v1_0_13.xsd,ee45e9ca95b1948146df3a9dd9b1b9b6b566e102f5dc7a953bee60013dcc947a,2025-12-11 11:18:10
BCL_ANCRDT_T1_REF_v1_0_13_p1.png,f9f042dc63c1b5dc307271f558e53fa2bd9b756dcbc5d1d217164c9218c50c07,2025-12-11 11:18:10
BCL_ANCRDT_T1_REF_v1_0_13_p2.png,baa233b569b3343fb793746ba3361047a83c6bf206714bd8d389db685edf9a0f,2025-12-11 11:18:10
BCL_ANCRDT_T1_REF_v1_0_13_p3.png,dd0a55ee33e8c4a802096e6237949603e62a50ea1a0c694cb96f6b2545ed507c,2025-12-11 11:18:10
BCL_ANCRDT_T1_REF_v1_0_13_p4.png,2cbfec5817e1db035fb18decc10f17dc302d7e7f33ed6f5ac3260e585bdd5b0d,2025-12-11 11:18:10
BCL_ANCRDT_T1_REF_v1_0_13_p5.png,baa233b569b3343fb793746ba3361047a83c6bf206714bd8d389db685edf9a0f,2025-12-11 11:18:10
BCL_ANCRDT_T1_REF_v1_0_13_p6.png,02a726ee32edfab0fb5d1f000969fc2495424688c9c635e42785a6ac81144fa0,2025-12-11 11:18:10
BCL_ANCRDT_T1_REF_v1_0_13_p7.png,e32625fefd08b2d680f9a6069c9c3363b74f375bbbed2c8d7a334eda531fa9ae,2025-12-11 11:18:10
BCL_ANCRDT_T1_REF_v1_0_13_p8.png,8d8b6b903b1fbde7c166b99ce14bb91b3c4e7fb15c4a555fe814645bd578bbcf,2025-12-11 11:18:10
BCL_ANCRDT_T1_REF_v1_0_7.html,1870ccef02550322889cb091d6f24ab376606ef1ad66997cfe0ab76092846dfc,2025-12-11 11:18:21
BCL_ANCRDT_T1_REF_v1_0_7.xsd,c2c62396b7e104ce664657118541928235660fd40a9fe17c94ba37dd480fd1d2,2025-12-11 11:18:22
BCL_ANCRDT_T1_REF_v1_0_7_p1.png,1d69a8221db4ae164e85a7962d528693d2bc361dfdac7bf13445e9b2c94f80e7,2025-12-11 11:18:21
BCL_ANCRDT_T1_REF_v1_0_7_p2.png,de06e83343d5165360061beaae2fbb8c0ec2e1f4b35e7dac537a270e5d53368d,2025-12-11 11:18:21
BCL_ANCRDT_T1_REF_v1_0_7_p3.png,01cd54f7adb5da13ea6f41e055147aced370413ca2ea2a09bb17fa560e5c7119,2025-12-11 11:18:21
BCL_ANCRDT_T1_REF_v1_0_7_p4.png,43c8e0a7f43d1e492fbb52995ca5e13c7cd59d96faa82e77e064c39ec3b2fccb,2025-12-11 11:18:21
BCL_ANCRDT_T1_REF_v1_0_7_p5.png,6aa02aaa906a92ec23ac5d5c4b1bea05250acf76aefd118b52d82777df382f44,2025-12-11 11:18:21
BCL_ANCRDT_T1_REF_v1_0_7_p6.png,01da92f0a493aa76a8472b0c9246908a36c0ccfa57898f9dc5c0951ba95f77fe,2025-12-11 11:18:21
BCL_ANCRDT_T1_REF_v1_0_7_p7.png,8fcfa42898b2753315e0c7d0536699df4e7013538afb418b857e4ea928d27994,2025-12-11 11:18:21
BCL_ANCRDT_T1_REF_v1_0_7_p8.png,a2b578933674128d1ae12bc2e77ea02bb11ea0abaace79eeb857c448df543f5b,2025-12-11 11:18:21
BCL_ANCRDT_T1_REF_v1_0_8.html,1e61a8fee768745233fb31081f91cd9af64ecc6be80532c923a63bc78a4af4d8,2025-12-11 11:18:19
BCL_ANCRDT_T1_REF_v1_0_8.xsd,4e8f68c8a747a30e6b149d8e7d12bf564eff2a9eabad3e21962f0905d9e11b3f,2025-12-11 11:18:20
BCL_ANCRDT_T1_REF_v1_0_8_p1.png,0b9e8c5c56506c3b45d3317370547f10c77f735feeae64a30c81e0c13efdbd1e,2025-12-11 11:18:19
BCL_ANCRDT_T1_REF_v1_0_8_p2.png,19e63122f0f9f45ff2c34de29ee208d5e5a8a5f3cbbdbdc6a6585dbcbda197fd,2025-12-11 11:18:19
BCL_ANCRDT_T1_REF_v1_0_8_p3.png,7e889aae457aae044dabd15669387c3786f6833c4f0d5e4f0b7d9513fea57020,2025-12-11 11:18:19
BCL_ANCRDT_T1_REF_v1_0_8_p4.png,42e875056edf64c23e7895246a52f7a915093be16aa4fb3ee88de429bee5a18f,2025-12-11 11:18:19
BCL_ANCRDT_T1_REF_v1_0_8_p5.png,ac35f7608559098696d2cb6d2c5f3cfa4d747cbc240a8a1761cc36b8510a5e11,2025-12-11 11:18:19
BCL_ANCRDT_T1_REF_v1_0_8_p6.png,79b565fd7ff8892d6bb32a210bd3fca87dde460a9e90105331e1182cb89909c6,2025-12-11 11:18:19
BCL_ANCRDT_T1_REF_v1_0_8_p7.png,ce3127a82f747f6a01427dbd394efb57b8f2155d82fc9677ebf74153fcefd013,2025-12-11 11:18:19
BCL_ANCRDT_T1_REF_v1_0_8_p8.png,e8f5bb282a3e0878093f0b3e929be2f38d46487c7632ca9100cc8112a8e34086,2025-12-11 11:18:19
BCL_ANCRDT_T1_REF_v1_0_9.html,39e1033944ac71a43b4ffdd4caa29e1107d8760b984f8e16386687302e9a75f5,2025-12-11 11:18:18
BCL_ANCRDT_T1_REF_v1_0_9.xsd,a6635f9cfb17dada93366f8a1d02242964ef44382a93be544e9502ac595e869f,2025-12-11 11:18:18
BCL_ANCRDT_T1_REF_v1_0_9_p1.png,09c960d9b9daab3db20fd6cd5b7f676cd10aa48a149b7b06423b06184991d0a3,2025-12-11 11:18:18
BCL_ANCRDT_T1_REF_v1_0_9_p2.png,d477e411244a908f3d256faf783dacad6a3a318edd51b5d27f5503bc1deeaa3f,2025-12-11 11:18:18
BCL_ANCRDT_T1_REF_v1_0_9_p3.png,7f9f0562208e71e50dbe241c0f0ee2295b42860fc00135f453ff3a5158420af6,2025-12-11 11:18:18
BCL_ANCRDT_T1_REF_v1_0_9_p4.png,8ff237b55e7bd9e72fc5d1a94cedbc262855aa0bc4484ec03caa27a2569a542f,2025-12-11 11:18:18
BCL_ANCRDT_T1_REF_v1_0_9_p5.png,c1185ebe94295598769cc32251e86ee3b2126a863516e88fb852234888c87051,2025-12-11 11:18:18
BCL_ANCRDT_T1_REF_v1_0_9_p6.png,35dc2a49ffc4876d031ac617aee2d4f8ded686c0a6ca86cc5677ca6b2e603ba6,2025-12-11 11:18:18
BCL_ANCRDT_T1_REF_v1_0_9_p7.png,71777abdf5e6cdba637374e37c0d69f6e7cf531854d446c285e3f949bd444910,2025-12-11 11:18:18
BCL_ANCRDT_T1_REF_v1_0_9_p8.png,964b8cacb86c30f4dfe37ee4294b5b333e5e62cc985a3e2301447545f60cd8f4,2025-12-11 11:18:18
BCL_ANCRDT_T2M_v1_0_10.html,fe3053fdd84922dca2a9be13f178e23ae5242c4e64e49f634717a4f1671de31f,2025-12-11 11:18:16
BCL_ANCRDT_T2M_v1_0_10.xsd,96815b25d5d263721a802ade5562443218dd2965965fe90cb304371aba5c48b0,2025-12-11 11:18:16
BCL_ANCRDT_T2M_v1_0_10_p1.png,c04d33e2633113dfe75eb3524a1b820f48bdd453dde916181a9c4a3c1ecd078f,2025-12-11 11:18:16
BCL_ANCRDT_T2M_v1_0_10_p10.png,7f019768cd172da322be18c7c45ce4a296deb72e1a314f52e24cf3530a6eded9,2025-12-11 11:18:16
BCL_ANCRDT_T2M_v1_0_10_p11.png,67d3160fddd08a67842b866fe2d873ad805981f99d97e91f0b8f47511d01efde,2025-12-11 11:18:16
BCL_ANCRDT_T2M_v1_0_10_p12.png,fcbfee1d2da7ce3f4b0f6d0a368b2ee129ae87965df2a28f6d140637c43fbe8f,2025-12-11 11:18:16
BCL_ANCRDT_T2M_v1_0_10_p13.png,d46af8893ff84efc75695010f91169f7f1383398ea97385b768aa98ae4e68d0e,2025-12-11 11:18:16
BCL_ANCRDT_T2M_v1_0_10_p14.png,c17d77d0e43fa429459f761797d6543a0dd92b3214b7a26d1bad5f7048a80062,2025-12-11 11:18:16
BCL_ANCRDT_T2M_v1_0_10_p15.png,ff5645a3eaa4a27e849c2efd068fcb4b580f54fc75df9ba8a7556b93b811602b,2025-12-11 11:18:16
BCL_ANCRDT_T2M_v1_0_10_p16.png,6ef256f257db060ec2f52f48c689b478cca4e8123704206e3025763dcf3aae29,2025-12-11 11:18:16
BCL_ANCRDT_T2M_v1_0_10_p17.png,e1dd15482985a6ff8fa0c760a8015788b14d12128322467a02cd3ef49782b6b0,2025-12-11 11:18:16
BCL_ANCRDT_T2M_v1_0_10_p18.png,80d92cae6c4d5ab695026a99c0370c32668e84c8b472760bfad26f2e001ab9ae,2025-12-11 11:18:16
BCL_ANCRDT_T2M_v1_0_10_p19.png,fe237938a2c9d6481e4103f25ebf0cfc3c5130ed4f5a91c242b5c056b194f2f3,2025-12-11 11:18:16
BCL_ANCRDT_T2M_v1_0_10_p2.png,909a1c1491fbcd3432b8794c48647c744d62c4473122da7a7a99d270553294e4,2025-12-11 11:18:16
BCL_ANCRDT_T2M_v1_0_10_p20.png,e29fc112ab3e05899e9c2d579bb53842650e7fc2aed100f6eef1a7fd207e9d51,2025-12-11 11:18:16
BCL_ANCRDT_T2M_v1_0_10_p3.png,8c842823675a0f9139464ebf170d7bc1e128922a3d08147410ba538abe049f7f,2025-12-11 11:18:16
BCL_ANCRDT_T2M_v1_0_10_p4.png,b6bef3549da57beba5de4be9bb752a585bd7aaf5b42a3be883db9bec7bd60738,2025-12-11 11:18:16
BCL_ANCRDT_T2M_v1_0_10_p5.png,406c8c39270b3be977e7928a496083612e4f0d751e9c15a3ced1315a467c83e8,2025-12-11 11:18:16
BCL_ANCRDT_T2M_v1_0_10_p6.png,fc6313de25ff72dbbe274f06ca6e0dbdf36a3499cc6ba2375219b23b98b2829d,2025-12-11 11:18:16
BCL_ANCRDT_T2M_v1_0_10_p7.png,0498d955c7ca7ac08325c800d33de0cf27648920368ed1d4c7320833f8dc2706,2025-12-11 11:18:16
BCL_ANCRDT_T2M_v1_0_10_p8.png,9597fdf6b541529c18d150f523fe6fcec0084aaab648df458c1ef7c1daf068f3,2025-12-11 11:18:16
BCL_ANCRDT_T2M_v1_0_10_p9.png,780639d2257afa8bb1816e25eeb1baa4ddee6db2fd39f472f1a778e5dc6d94f1,2025-12-11 11:18:16
BCL_ANCRDT_T2M_v1_0_11.html,53fdb8d2dc32ca2d6630722a462756b3c1e3ad71b725569215790b5fd5931985,2025-12-11 11:18:13
BCL_ANCRDT_T2M_v1_0_11.xsd,b8c5091e47b0b582fa9da5840c53e4838a2936ca4ab930ceca25a09e76a99e2e,2025-12-11 11:18:13
BCL_ANCRDT_T2M_v1_0_11_p1.png,3ec4d7f9d8751e4ed396bcc4fa6f43ec3717043300f9a2719ea3d82ecd87624a,2025-12-11 11:18:13
BCL_ANCRDT_T2M_v1_0_11_p10.png,a729f6cc1a122430f9bbce9f20d16c2a9f9fe5dabf7e69449b0df919a35d8315,2025-12-11 11:18:13
BCL_ANCRDT_T2M_v1_0_11_p11.png,9d414e43a969854a4b9675ed18aaa86ccbbb73ac616906df770cd4fb98591e54,2025-12-11 11:18:13
BCL_ANCRDT_T2M_v1_0_11_p12.png,5f7812f7b2105e8305a179d387abf42b810ab9019e2e627b982a56c308a7e37d,2025-12-11 11:18:13
BCL_ANCRDT_T2M_v1_0_11_p13.png,0c5e72df787c721f4cf19453a33b63e728ae0648d5725be1702b51dc0136af9b,2025-12-11 11:18:13
BCL_ANCRDT_T2M_v1_0_11_p14.png,7a03f936e48c67a69e3cac3b6ef21d7a266b248e24f9c415c377d2d4646775b9,2025-12-11 11:18:13
BCL_ANCRDT_T2M_v1_0_11_p15.png,30107be92b6554a5e3c204b5e1bbb42e73aa4aeb5d4606e1200a015abaa96803,2025-12-11 11:18:13
BCL_ANCRDT_T2M_v1_0_11_p16.png,a3d14055ae20fe1a4fcddacf507e13331f9d8e59326b78d815d5b62f5cd024b2,2025-12-11 11:18:13
BCL_ANCRDT_T2M_v1_0_11_p17.png,d2092b0fd9214b772cebdb011030ce78734d1680d159399f0d9972b5077a4a9c,2025-12-11 11:18:13
BCL_ANCRDT_T2M_v1_0_11_p18.png,c3eb207995f92a43d3cf4bfc865f26d17b394861ed478248f830d956674cee4b,2025-12-11 11:18:13
BCL_ANCRDT_T2M_v1_0_11_p19.png,0bdfb6e5d340406e41bd125686d7a2dbb22bc18188092868fd38d09b99728425,2025-12-11 11:18:13
BCL_ANCRDT_T2M_v1_0_11_p2.png,164785b954dd93a7e06880450770ba033945443cb70e4a6310b9a1bf32fb1fda,2025-12-11 11:18:13
BCL_ANCRDT_T2M_v1_0_11_p20.png,62e56ff3dbc3c4ded15f4aced91758fa3c03fca7121077f320742abfa969ed71,2025-12-11 11:18:13
BCL_ANCRDT_T2M_v1_0_11_p3.png,e63a6d0c5424b9403ecd08a15f97cd8b995f641f577d89edf34650de05db87fc,2025-12-11 11:18:13
BCL_ANCRDT_T2M_v1_0_11_p4.png,3f66975f1e303102e928b4dabf3ff105d4ba4d4e5d8ffa099dca68b406521aec,2025-12-11 11:18:13
BCL_ANCRDT_T2M_v1_0_11_p5.png,ba8ecacbf557861bc7c8bb1869e69c86a697f6a8f11b863036efc3018da6f407,2025-12-11 11:18:13
BCL_ANCRDT_T2M_v1_0_11_p6.png,7354ed7e8691763e99a8c85d70172764e918b8095d187f18b7614083345510a6,2025-12-11 11:18:13
BCL_ANCRDT_T2M_v1_0_11_p7.png,341526631d8d286fbc899f30d14da6f8bd971ae78689bf65c13c08f556f36d1b,2025-12-11 11:18:13
BCL_ANCRDT_T2M_v1_0_11_p8.png,a81ca470bbc21dd42037d7c268188830593947c9c7f92ce2df39bf4e8c2305ff,2025-12-11 11:18:13
BCL_ANCRDT_T2M_v1_0_11_p9.png,60b043a2abc40fcfef9d77ca1ee12dbfccdc3d1ae16de979b92c1c59e30de695,2025-12-11 11:18:13
BCL_ANCRDT_T2M_v1_0_12.html,dff3a3da953453a8ad9a79179d1ebabca342cfd9b8ac311e42b089956695e77a,2025-12-11 11:18:11
BCL_ANCRDT_T2M_v1_0_12.xsd,d242d2fdaaa8f7de6f4c6410d1314cc7aa0f233cf46e045cdc6c6ebad6df700a,2025-12-11 11:18:11
BCL_ANCRDT_T2M_v1_0_12_p1.png,4208ad13887d86772a389038398f2ff86dc6468c8cf60a133fdbabc3739c9df1,2025-12-11 11:18:11
BCL_ANCRDT_T2M_v1_0_12_p10.png,5e92a5a3b96ae73ae4d8a0050f8ca5ed5a4d3688541c25d609f28856c7c6664c,2025-12-11 11:18:11
BCL_ANCRDT_T2M_v1_0_12_p11.png,adc48bab5eebd57caa7013f8d6181c4b210f99711c3bab17329e46965c1a6dec,2025-12-11 11:18:11
BCL_ANCRDT_T2M_v1_0_12_p12.png,b66b6c599afbecc25f962cf66985afb0722a30e6d3af128a25c859de7e2db613,2025-12-11 11:18:11
BCL_ANCRDT_T2M_v1_0_12_p13.png,96c50581eb56de61dbbd85d07e57f58c96c3e92877fa44acb9e074daacf0f2ae,2025-12-11 11:18:11
BCL_ANCRDT_T2M_v1_0_12_p14.png,9279c2ce093c2accc66bf7f1705af8656e51f37cd1e57b782dc17880cbf4c117,2025-12-11 11:18:11
BCL_ANCRDT_T2M_v1_0_12_p15.png,9f7e3267d4f5aa1d3f9dd71ebe3a3fa18b035ed816e80fc77e3f4a939a85b16a,2025-12-11 11:18:11
BCL_ANCRDT_T2M_v1_0_12_p16.png,e35f1f0bfae15b00fbcc5a4151f725b9f76517fbbe62de813ec988d5c1ce295f,2025-12-11 11:18:11
BCL_ANCRDT_T2M_v1_0_12_p17.png,030a42109e707fac3862089d5c4301ae0ad5b1d8228b24667e37926d2ddfed64,2025-12-11 11:18:11
BCL_ANCRDT_T2M_v1_0_12_p18.png,0ae1429182915d263459f4652fdd18b1f51aaccde64920af36662b97f7b6393e,2025-12-11 11:18:11
BCL_ANCRDT_T2M_v1_0_12_p19.png,90fb3f7fecfc727602ccd7c80fe0f489cccd9964afe3bd050356c20688cae903,2025-12-11 11:18:11
BCL_ANCRDT_T2M_v1_0_12_p2.png,ce51c7ddcc83e9f3a76c0d52a862c4a40812649d0762a13e1355ed5d242d6d6f,2025-12-11 11:18:11
BCL_ANCRDT_T2M_v1_0_12_p20.png,35865b6590118335625ee72bd75bdc9f20a4ad3f280a61482aab9ce32c898727,2025-12-11 11:18:11
BCL_ANCRDT_T2M_v1_0_12_p3.png,4285d1b3f9803227f4b47367fd589020f500cd58c210c91122c165bb534d475a,2025-12-11 11:18:11
BCL_ANCRDT_T2M_v1_0_12_p4.png,f0e4f4645928ed59e0ebf4f247bc71fd3065f9bf11a461e153a4de41d2f8f68b,2025-12-11 11:18:11
BCL_ANCRDT_T2M_v1_0_12_p5.png,7a554e99e560c9ed6bcb3a506d8e3276c5f1566bfd69cc348aeae43282bc8144,2025-12-11 11:18:11
BCL_ANCRDT_T2M_v1_0_12_p6.png,1b2d511fc2f95460ca09ab30aeaf3894290c61065bc48bcb0184f37879b95698,2025-12-11 11:18:11
BCL_ANCRDT_T2M_v1_0_12_p7.png,5a3c768fc9b205775c080863e8bfcab593a8b0a1c907be0d6a35cf80930317ca,2025-12-11 11:18:11
BCL_ANCRDT_T2M_v1_0_12_p8.png,b69d19b4f248d2005e78aa63a5b650fb2e979a6230b8997453b147ec0539f6d0,2025-12-11 11:18:11
BCL_ANCRDT_T2M_v1_0_12_p9.png,fa8ed4e7e417ef83202868298414ad06294d5223e8dfd1930b6eb057d96b1aa5,2025-12-11 11:18:11
BCL_ANCRDT_T2M_v1_0_13.html,ec5ddc4eabfa8820052f1d0c3e07414ab27361735d0c7969964eacbf2fcf4e16,2025-12-11 11:18:10
BCL_ANCRDT_T2M_v1_0_13.xsd,6737c98bd28d85fe7fad9d07d59bf0df43bf0c5c4a748ff8921fb7ced3121ede,2025-12-11 11:18:10
BCL_ANCRDT_T2M_v1_0_13_p1.png,d19a5898375286bcf96bebc554740ccb17ad9d8ff85441c71e3508925d3d86ce,2025-12-11 11:18:10
BCL_ANCRDT_T2M_v1_0_13_p10.png,ee0db3853b15dde39ce6ff713e0d60f56a4558c98fc2f2b2040f8353b2982191,2025-12-11 11:18:10
BCL_ANCRDT_T2M_v1_0_13_p11.png,b8a9d060bb8e75865a6d94a3eeb7ef0d1b761a6205acc092a1e92e855bda5b17,2025-12-11 11:18:10
BCL_ANCRDT_T2M_v1_0_13_p12.png,5f7812f7b2105e8305a179d387abf42b810ab9019e2e627b982a56c308a7e37d,2025-12-11 11:18:10
BCL_ANCRDT_T2M_v1_0_13_p13.png,0c5e72df787c721f4cf19453a33b63e728ae0648d5725be1702b51dc0136af9b,2025-12-11 11:18:10
BCL_ANCRDT_T2M_v1_0_13_p14.png,b00c07c780bf0c5c764f4fa76017c1f85f7e8f7312f106e35117440dff7e6e45,2025-12-11 11:18:10
BCL_ANCRDT_T2M_v1_0_13_p15.png,a9eb3ef83729c7c56c8bcd3aa9c3689c6a3c5fba5e85a9a6dd185e8233bb27a1,2025-12-11 11:18:10
BCL_ANCRDT_T2M_v1_0_13_p16.png,8122dd46efa1b5bdab8dc33ed9c2e6f39ce95c6844e1aeea834e05848173faf2,2025-12-11 11:18:10
BCL_ANCRDT_T2M_v1_0_13_p17.png,0cb134d07976688ae89e8579f2553265c5e5adbd5832afa7a1750e37561fd5a3,2025-12-11 11:18:10
BCL_ANCRDT_T2M_v1_0_13_p18.png,96ae942435794d60658a70ad00448037d1c1dd8c48042624d7523a6fa4ddbe79,2025-12-11 11:18:10
BCL_ANCRDT_T2M_v1_0_13_p19.png,2c13258361f02edfb7fcde86fa1d184b03e742d149bb820c07b386d9016f8c8d,2025-12-11 11:18:10
BCL_ANCRDT_T2M_v1_0_13_p2.png,9d414e43a969854a4b9675ed18aaa86ccbbb73ac616906df770cd4fb98591e54,2025-12-11 11:18:10
BCL_ANCRDT_T2M_v1_0_13_p20.png,85b0b1eaaffad8f416a7e3ec6e59ffc9189c8106d5690f6cfa3474ba47558137,2025-12-11 11:18:10
BCL_ANCRDT_T2M_v1_0_13_p3.png,6d6b5ce556fa393372987819089b8c7ff4d122099daa4096cc3344bd7f25bbd1,2025-12-11 11:18:10
BCL_ANCRDT_T2M_v1_0_13_p4.png,152093c211ad0c0079ef625c847a4cb1d6401314447aca585aa7ff1d17e55bdd,2025-12-11 11:18:10
BCL_ANCRDT_T2M_v1_0_13_p5.png,47ec9629ac8716dc5022623a7d5a142d3afcf05fd430cbe9abbf8d49ba29ed3d,2025-12-11 11:18:10
BCL_ANCRDT_T2M_v1_0_13_p6.png,fe74f9729d86716a4e8866b47fe8faef929de302668d9bc0e330fb662639c876,2025-12-11 11:18:10
BCL_ANCRDT_T2M_v1_0_13_p7.png,341526631d8d286fbc899f30d14da6f8bd971ae78689bf65c13c08f556f36d1b,2025-12-11 11:18:10
BCL_ANCRDT_T2M_v1_0_13_p8.png,5e462dd9228468ca925f04945571d1a04dc82cbf4528a9dcf4b835205c05d26a,2025-12-11 11:18:10
BCL_ANCRDT_T2M_v1_0_13_p9.png,ed83531d5b3f8ed3704b78fc92ad0c00976663488f1b371d465903a21f1ae33d,2025-12-11 11:18:10
BCL_ANCRDT_T2M_v1_0_7.html,94638c8e915239a2f005644aea7170730d79c18ab584fe6b2cbb74f972c61c53,2025-12-11 11:18:21
BCL_ANCRDT_T2M_v1_0_7.xsd,31185588f2253d71b569ece0401b85655aae9753b23b1280a47575689180bbd9,2025-12-11 11:18:22
BCL_ANCRDT_T2M_v1_0_7_p1.png,19dee1c613da55ffe80040cd1afcf780c56221af741d1db55e2fdd985b3562a5,2025-12-11 11:18:21
BCL_ANCRDT_T2M_v1_0_7_p10.png,0f764d890904d618fd4050244c0d9db9cec756673d36680bb375152ac7f1ac1c,2025-12-11 11:18:21
BCL_ANCRDT_T2M_v1_0_7_p11.png,cbd882f5fababcf42c8ca856899bc7118f59d3ec5323a507bfdc64c255af11a8,2025-12-11 11:18:21
BCL_ANCRDT_T2M_v1_0_7_p12.png,fe20bc85d53bdf522ab4227cf2b5acbe4594c4cb1872f1e4ec09edfbc9d2afc1,2025-12-11 11:18:21
BCL_ANCRDT_T2M_v1_0_7_p13.png,d46af8893ff84efc75695010f91169f7f1383398ea97385b768aa98ae4e68d0e,2025-12-11 11:18:21
BCL_ANCRDT_T2M_v1_0_7_p14.png,99f307ed89bcc6f84140f612485eeb412af6ba4d7063e8c343d684614dd3cabd,2025-12-11 11:18:21
BCL_ANCRDT_T2M_v1_0_7_p15.png,f7641e88073766ada8cf0f8e4f03011bf08edf30ec97441f81cade42c4b5ac21,2025-12-11 11:18:21
BCL_ANCRDT_T2M_v1_0_7_p16.png,ea93f6ff83e9a1ec32a4780971ca4c6b7e741c849b6c14c24b75a52aed1d26c3,2025-12-11 11:18:21
BCL_ANCRDT_T2M_v1_0_7_p17.png,5f23ddb4822df2f59c2a3854572b24075c46d508c58c74e572f112346a3c5497,2025-12-11 11:18:21
BCL_ANCRDT_T2M_v1_0_7_p18.png,25940354bb7f91508f45398a3c6f79c61db032cc439895bca8362fd9acce908d,2025-12-11 11:18:21
BCL_ANCRDT_T2M_v1_0_7_p19.png,99184f7064b3da13650963f8b11c8d1a964fa7abf00049b85eef6a31f77140f6,2025-12-11 11:18:21
BCL_ANCRDT_T2M_v1_0_7_p2.png,888b9f9a5369730be904f526ecb11dc72015bdb183a3fa34a128abbac6ab69a9,2025-12-11 11:18:21
BCL_ANCRDT_T2M_v1_0_7_p20.png,7e52ed5b0ed817e803a7eb29e214fffd8c8b50d60367939b5383c955c52f9ed9,2025-12-11 11:18:21
BCL_ANCRDT_T2M_v1_0_7_p3.png,7c5bcab70e760dd44af388d95b36390662b1e1058557ee2775fe5211e0c5a60a,2025-12-11 11:18:21
BCL_ANCRDT_T2M_v1_0_7_p4.png,7185a2b3874bf3918450e927fdb1659e49111602d7e2b960ab46d0b81a4a8564,2025-12-11 11:18:22
BCL_ANCRDT_T2M_v1_0_7_p5.png,1edb6ccae01a0a09cc981829c3d40ffee8c70b2fea3ac0c091bbb47ca0708b49,2025-12-11 11:18:22
BCL_ANCRDT_T2M_v1_0_7_p6.png,bb7ce8127578bb6d92c8ad0dc2d72783a1ad9fbbc12c168684f66a7f8106f1b1,2025-12-11 11:18:22
BCL_ANCRDT_T2M_v1_0_7_p7.png,0498d955c7ca7ac08325c800d33de0cf27648920368ed1d4c7320833f8dc2706,2025-12-11 11:18:22
BCL_ANCRDT_T2M_v1_0_7_p8.png,99f307ed89bcc6f84140f612485eeb412af6ba4d7063e8c343d684614dd3cabd,2025-12-11 11:18:22
BCL_ANCRDT_T2M_v1_0_7_p9.png,780639d2257afa8bb1816e25eeb1baa4ddee6db2fd39f472f1a778e5dc6d94f1,2025-12-11 11:18:22
BCL_ANCRDT_T2M_v1_0_8.html,8ff315bb9b9eebdc90979513f949bc9c8ed0f8a0d21c420484e5bc11a31ac88f,2025-12-11 11:18:19
BCL_ANCRDT_T2M_v1_0_8.xsd,8d31513236d46c55cc79325088f0aa657c1775d161b4b3778d0a351c38e19c29,2025-12-11 11:18:20
BCL_ANCRDT_T2M_v1_0_8_p1.png,4581380fc41b46ef044926de44b73484a7851fdc8b1d50d0fc97976e28e0f2ec,2025-12-11 11:18:19
BCL_ANCRDT_T2M_v1_0_8_p10.png,796e639c3d3b19c43e66381315e55bb4fd17c7d969cf55d0f34b10e2eefd87f3,2025-12-11 11:18:19
BCL_ANCRDT_T2M_v1_0_8_p11.png,a032ae9228bce8582ac4459eaef469213041445249fdc7342b2b7b1bb2fc535b,2025-12-11 11:18:19
BCL_ANCRDT_T2M_v1_0_8_p12.png,6ecae33c40ee92f7bd19f320c8222770c2f5e0265b003df773910dcda7ad278b,2025-12-11 11:18:19
BCL_ANCRDT_T2M_v1_0_8_p13.png,7d8c0e57a1aa4ea860a42e2a6d44cc83a995b1ee20553653e2ebdd3e879e480a,2025-12-11 11:18:19
BCL_ANCRDT_T2M_v1_0_8_p14.png,c28ad1c837124aaa783499828040277fb89a5607b8f8c3f78ae7ef96276d336c,2025-12-11 11:18:19
BCL_ANCRDT_T2M_v1_0_8_p15.png,07867091f5a3e5f2476ffceb4498dbd3cf370d741fa8367dc9457b266ac38f0a,2025-12-11 11:18:19
BCL_ANCRDT_T2M_v1_0_8_p16.png,8fc6441f21176a71450afb8f4748c8b39150e9d5c453bfcd2d18e86bc89d9d0f,2025-12-11 11:18:19
BCL_ANCRDT_T2M_v1_0_8_p17.png,a81dfab2fcfcde6dd7ee45d08924ff22d62f27c6d0ce406a67d33eb0013b1235,2025-12-11 11:18:20
BCL_ANCRDT_T2M_v1_0_8_p18.png,d259288b84af9f7ea134e73cf3b4ffbfca71d43f65a4b42b5a5790192db353b3,2025-12-11 11:18:20
BCL_ANCRDT_T2M_v1_0_8_p19.png,bebc5c893944451ce8dbdc1a7380662256984300b5ce3e31c3ab563fa3164cce,2025-12-11 11:18:20
BCL_ANCRDT_T2M_v1_0_8_p2.png,c28ad1c837124aaa783499828040277fb89a5607b8f8c3f78ae7ef96276d336c,2025-12-11 11:18:20
BCL_ANCRDT_T2M_v1_0_8_p20.png,1703690ea93ebea24a9ad8ff153cceb332e87037e41e35c9afac085f01d3c042,2025-12-11 11:18:20
BCL_ANCRDT_T2M_v1_0_8_p3.png,3b5db681a3df8b18a46670ee40d5206f41ce2a9ab9b52afcf1b4e0ebb3461011,2025-12-11 11:18:20
BCL_ANCRDT_T2M_v1_0_8_p4.png,a6b1b97b5dfdd575db251982c8b20ed055f8e1f3240ef69e0060e5d8af01db19,2025-12-11 11:18:20
BCL_ANCRDT_T2M_v1_0_8_p5.png,669c756c74de24798e812a9bd5911f256a4629db3f21b731d9bb18dc6dd8fbff,2025-12-11 11:18:20
BCL_ANCRDT_T2M_v1_0_8_p6.png,891fd7ae65f948f3242b4587a2e9a26ec3c5a377b1324bf3a00612036d713919,2025-12-11 11:18:20
BCL_ANCRDT_T2M_v1_0_8_p7.png,03f84178091a1d76e5240175a1dd4c27513c00f8273ebdb5685663dedcf140a7,2025-12-11 11:18:20
BCL_ANCRDT_T2M_v1_0_8_p8.png,d17295994459e472920854c0b8c844452caacf9cd4a432c1afdf2fa752dd3acc,2025-12-11 11:18:20
BCL_ANCRDT_T2M_v1_0_8_p9.png,5c3834510e523669fa1d905a274b1bf0b25480d606ea9eb4fa09901993eef82a,2025-12-11 11:18:20
BCL_ANCRDT_T2M_v1_0_9.html,bca8f3aca45d765b1737fb7e7645fb75fec4ee9915bc46c21ae929250c6425ae,2025-12-11 11:18:18
BCL_ANCRDT_T2M_v1_0_9.xsd,230be3d725f8806462ce763b5c67a498c2fc7a5f947c83e2a07246ab623d1f77,2025-12-11 11:18:18
BCL_ANCRDT_T2M_v1_0_9_p1.png,81c31b24926e6affa70d3ce63d2353833362d41b3cb377e8f72ac39df991f9d5,2025-12-11 11:18:18
BCL_ANCRDT_T2M_v1_0_9_p10.png,29e2e00deb9d2674a51f18b4554b810ed3c558ab772e3cbcd1ed0b06d297e5ed,2025-12-11 11:18:18
BCL_ANCRDT_T2M_v1_0_9_p11.png,8b93b20b2df98172f76cc87f29b4b503ccf6a248d87fd8877032bd4e1e9a4231,2025-12-11 11:18:18
BCL_ANCRDT_T2M_v1_0_9_p12.png,ee976361258038effd0f118b8e7878be9f5a87875e7a16e959f7ca0633663a03,2025-12-11 11:18:18
BCL_ANCRDT_T2M_v1_0_9_p13.png,e1e9657a1ef84ed91110ce585d97bcce3d1519fc87e305ae0fe5074d84ccde7d,2025-12-11 11:18:18
BCL_ANCRDT_T2M_v1_0_9_p14.png,5db51edbfde1bfef1e6899db3c129553883ac343881836a68804d344d494652e,2025-12-11 11:18:18
BCL_ANCRDT_T2M_v1_0_9_p15.png,74e8c81d77b37ccfb54b7e9e377efde4f941e451ecd0fabbe7ba9f7f48979152,2025-12-11 11:18:18
BCL_ANCRDT_T2M_v1_0_9_p16.png,eb4b5229958f56a677f3b393a9e65ddd7eda604122f37508ad7cb7e61e68a371,2025-12-11 11:18:18
BCL_ANCRDT_T2M_v1_0_9_p17.png,1cc60d326baa5208dd882a41ab692e8e90861799e6b24f7b1db86976ea44842d,2025-12-11 11:18:18
BCL_ANCRDT_T2M_v1_0_9_p18.png,b3b0023f9d1a586056f56661e4365f4502f3ac5fabc3fd53f880b2820a97409b,2025-12-11 11:18:18
BCL_ANCRDT_T2M_v1_0_9_p19.png,9a2571ba0314f3c48239e31519e37b41216bf9681b923bd6a975cf70de286baf,2025-12-11 11:18:18
BCL_ANCRDT_T2M_v1_0_9_p2.png,0575921ce89c29f25160b7abd4307a87fb14084ed273a961d06ac9d656815f9f,2025-12-11 11:18:18
BCL_ANCRDT_T2M_v1_0_9_p20.png,4d536ed26935091e2ed39f9dbd31099cfb34d3abfa0e89bdbc99eab6d1b7d2ec,2025-12-11 11:18:18
BCL_ANCRDT_T2M_v1_0_9_p3.png,e97d61530d6e60882bd3cbec2f9e095cf998eff7b313524f1d549c9223f7d667,2025-12-11 11:18:18
BCL_ANCRDT_T2M_v1_0_9_p4.png,5e0dc753bd95a23c4606da4589eecd8b1111e9106084b9f570d28b4181ebdde2,2025-12-11 11:18:18
BCL_ANCRDT_T2M_v1_0_9_p5.png,2f99f89b365513ca21a40cfe5d5d58db79f52d1b667d139842e2fc88bca16b29,2025-12-11 11:18:18
BCL_ANCRDT_T2M_v1_0_9_p6.png,713ec94cb026c40e381820ce1bfe24efd1ff15ab16ebb598146d83ff87cb6386,2025-12-11 11:18:18
BCL_ANCRDT_T2M_v1_0_9_p7.png,5dd4712fba12481afac54d815d1326ca8a510792b6daafd427c6cfc3a732749f,2025-12-11 11:18:18
BCL_ANCRDT_T2M_v1_0_9_p8.png,fcad92cf12af7be3a97c5c38a8882872a5218d12161200aa85c16b0c1fcad469,2025-12-11 11:18:18
BCL_ANCRDT_T2M_v1_0_9_p9.png,ac26adfb1457d7403df52172178c585595c57d9a298d98bb523abc9711fc867e,2025-12-11 11:18:18
BCL_ANCRDT_T2Q_v1_0_10.html,2b06858911c50053de827eb5cc08dfd88b9bd0c15fcbfa2c885368b83ee0e49f,2025-12-11 11:18:16
BCL_ANCRDT_T2Q_v1_0_10.xsd,67dcac50b96afae24211d19b91b986933c6e12050520ca64bc425811d0d053c1,2025-12-11 11:18:16
BCL_ANCRDT_T2Q_v1_0_10_p1.png,2a21eef5b883108ecaafc446e77240a963552005ebf17253de1b1e7458d6c218,2025-12-11 11:18:16
BCL_ANCRDT_T2Q_v1_0_10_p2.png,d42fbbeee4c07dcee02a7e554249bdaf574e518de66c0f54aef58f0e29183215,2025-12-11 11:18:16
BCL_ANCRDT_T2Q_v1_0_10_p3.png,32770680b360e5c9ef08a50e000f8c7f991f1699e5254cf16a6da59821222d28,2025-12-11 11:18:16
BCL_ANCRDT_T2Q_v1_0_10_p4.png,7e09b3539f47b56ab730e063da7533c0260c4dc5dc45949a719fe8376472274d,2025-12-11 11:18:16
BCL_ANCRDT_T2Q_v1_0_10_p5.png,c628c4929d88ed09d053ba9db49ef30e49249e0bff3161f027c2f0e8486ea6e7,2025-12-11 11:18:16
BCL_ANCRDT_T2Q_v1_0_10_p6.png,6cf678bc2935b318a7021cf3af95bd58e651c1c900fde8ed3b14aa2ea98b3439,2025-12-11 11:18:16
BCL_ANCRDT_T2Q_v1_0_10_p7.png,ec612dd33d25e7ba964aa45e406fe590b7f206392f9bab5c8877c53a3ec42503,2025-12-11 11:18:16
BCL_ANCRDT_T2Q_v1_0_10_p8.png,736148a37ad546b2fe365f4bbe254ec7e3df351ee576cd1750c3631664396b12,2025-12-11 11:18:16
BCL_ANCRDT_T2Q_v1_0_11.html,c1adcbd062ba44e2e0364aeb14f052419020d61aa64cbdbe8ba8376839695136,2025-12-11 11:18:13
BCL_ANCRDT_T2Q_v1_0_11.xsd,075f763ca83db4853a1cf0c2ca5e3efd06785bd6d7b8d13e7ca5bf66c2e43738,2025-12-11 11:18:13
BCL_ANCRDT_T2Q_v1_0_11_p1.png,80282a9b4a2b5c1b64dcb806f4da898d838605be0b369571100be8dc443172c9,2025-12-11 11:18:13
BCL_ANCRDT_T2Q_v1_0_11_p2.png,7e87d6c6333ed155e3b8d05f616a5a10adec574337a93ba1c4de57077d9d3644,2025-12-11 11:18:13
BCL_ANCRDT_T2Q_v1_0_11_p3.png,2c177b6e55e38c45e635c9f9f81cf19b9f7cf00f2bbc5aefce91bc0d00f5da8b,2025-12-11 11:18:13
BCL_ANCRDT_T2Q_v1_0_11_p4.png,341526631d8d286fbc899f30d14da6f8bd971ae78689bf65c13c08f556f36d1b,2025-12-11 11:18:13
BCL_ANCRDT_T2Q_v1_0_11_p5.png,8ad78059d4f41b3d5c05e48613d9ba84f7cc34bd3ae1a19b7ea1a512ce801d23,2025-12-11 11:18:13
BCL_ANCRDT_T2Q_v1_0_11_p6.png,60b043a2abc40fcfef9d77ca1ee12dbfccdc3d1ae16de979b92c1c59e30de695,2025-12-11 11:18:13
BCL_ANCRDT_T2Q_v1_0_11_p7.png,91e92a843b031ab35601a8631fda9b1153e684ee040eb797864358027adb38e9,2025-12-11 11:18:13
BCL_ANCRDT_T2Q_v1_0_11_p8.png,8846dd5f986e38f934071d45ddf0c9d40bbec8a50b38127b3e94be70b7926d8d,2025-12-11 11:18:13
BCL_ANCRDT_T2Q_v1_0_12.html,86e33aaa9955c37ca77a26275f989c5863cc862fc9b6cc8c253b3b62f242a432,2025-12-11 11:18:11
BCL_ANCRDT_T2Q_v1_0_12.xsd,02f96216b6a5d1f7df96ae52ac155f04dda8b50b3b886732a97adaf64f0ed7b1,2025-12-11 11:18:11
BCL_ANCRDT_T2Q_v1_0_12_p1.png,6e960bd6cf86ead476f5216bc20448151ecd6555357c2de21013c054379be528,2025-12-11 11:18:11
BCL_ANCRDT_T2Q_v1_0_12_p2.png,b66beba37508d4184fc35139e6db0a46d9a1cbb5cd988c92d3f3830cafcddd3d,2025-12-11 11:18:11
BCL_ANCRDT_T2Q_v1_0_12_p3.png,11a286988078eb96a99c79b8fd613da0e3a683e3502e3b287db7f880e986021b,2025-12-11 11:18:11
BCL_ANCRDT_T2Q_v1_0_12_p4.png,3fd55ca8a5e9e0214e1436dd93ac22c6e37fd2f26aa744a71f730d4593cb0ea1,2025-12-11 11:18:11
BCL_ANCRDT_T2Q_v1_0_12_p5.png,7cf2fc6c69e4d3e452badeff7f1c2dc3c6d7374bee8512d0c2fe13d6a450cf6d,2025-12-11 11:18:11
BCL_ANCRDT_T2Q_v1_0_12_p6.png,234ac2b5edecf1c428207989f43a41485c4cca412b5d0a50cd09b7db64a1d640,2025-12-11 11:18:11
BCL_ANCRDT_T2Q_v1_0_12_p7.png,91e92a843b031ab35601a8631fda9b1153e684ee040eb797864358027adb38e9,2025-12-11 11:18:11
BCL_ANCRDT_T2Q_v1_0_12_p8.png,835f3354e9ca0e19882af4ba00bab2e380e89290f43858c1e1d5b54e0dcf3bcd,2025-12-11 11:18:11
BCL_ANCRDT_T2Q_v1_0_13.html,6b75c959d524c9966cc584b0a9bf5ff218145be6cb2214e81f3e4e6e99ae4b6c,2025-12-11 11:18:10
BCL_ANCRDT_T2Q_v1_0_13.xsd,c13efabaa8db74e9b241453fb1591889b0faafbb625a298007036b51d69d6517,2025-12-11 11:18:10
BCL_ANCRDT_T2Q_v1_0_13_p1.png,d90beb475102f1014e2be85a3712e1a0f8ba05c1017553e083ce390565504379,2025-12-11 11:18:10
BCL_ANCRDT_T2Q_v1_0_13_p2.png,da985bc2cf59dc539377bbcce6439839a672d2791c81962a658311b469edef0e,2025-12-11 11:18:10
BCL_ANCRDT_T2Q_v1_0_13_p3.png,2c177b6e55e38c45e635c9f9f81cf19b9f7cf00f2bbc5aefce91bc0d00f5da8b,2025-12-11 11:18:10
BCL_ANCRDT_T2Q_v1_0_13_p4.png,341526631d8d286fbc899f30d14da6f8bd971ae78689bf65c13c08f556f36d1b,2025-12-11 11:18:10
BCL_ANCRDT_T2Q_v1_0_13_p5.png,8ad78059d4f41b3d5c05e48613d9ba84f7cc34bd3ae1a19b7ea1a512ce801d23,2025-12-11 11:18:10
BCL_ANCRDT_T2Q_v1_0_13_p6.png,60b043a2abc40fcfef9d77ca1ee12dbfccdc3d1ae16de979b92c1c59e30de695,2025-12-11 11:18:10
BCL_ANCRDT_T2Q_v1_0_13_p7.png,91e92a843b031ab35601a8631fda9b1153e684ee040eb797864358027adb38e9,2025-12-11 11:18:10
BCL_ANCRDT_T2Q_v1_0_13_p8.png,2138d5c3a4c244447421f594f19005f054e14ed2eea6625ae27913ce1b021053,2025-12-11 11:18:10
BCL_ANCRDT_T2Q_v1_0_7.html,6cddabfc55113e94c5f40af94d7626d97d9f33c7a1f4fec4fbcf904534127d14,2025-12-11 11:18:22
BCL_ANCRDT_T2Q_v1_0_7.xsd,504321120c4d10571c8a2e52dfd8532c8c5b70181922412b5337bbcff768e5f3,2025-12-11 11:18:22
BCL_ANCRDT_T2Q_v1_0_7_p1.png,6a6b5e2882433c0dbc85429aedd1760bad9d0b042a77481caa99c6f18e4eceaa,2025-12-11 11:18:22
BCL_ANCRDT_T2Q_v1_0_7_p2.png,3891eaa3ac06152493a64b88101bd0edd2ce8a689c94f05af2008ea42bfb4259,2025-12-11 11:18:22
BCL_ANCRDT_T2Q_v1_0_7_p3.png,b5ffa068cfab35911e38fdb986cf566a6e192ca1ce84ee3c19331b5893b4deee,2025-12-11 11:18:22
BCL_ANCRDT_T2Q_v1_0_7_p4.png,18475f9946c424103ca1ce992dce38b65fb1978ddb4dc603d1ce38918dc7632b,2025-12-11 11:18:22
BCL_ANCRDT_T2Q_v1_0_7_p5.png,a05c0ab5273cbed98eb904178373de925daa13023e94c8e659ee8791618344a6,2025-12-11 11:18:22
BCL_ANCRDT_T2Q_v1_0_7_p6.png,90f2fa3310ef84d3f00d10e6da366dfc8e4f08755847c2fd2027b5b8de468d01,2025-12-11 11:18:22
BCL_ANCRDT_T2Q_v1_0_7_p7.png,73995bf62d65cf92e4872f9fea86848303ad5a82c3d78dfdff2dcb9460e7a8ca,2025-12-11 11:18:22
BCL_ANCRDT_T2Q_v1_0_7_p8.png,b5db886b0073b9acd00a7dd45fca34b2c80c0a705b149cb4b24f602aa10f5e76,2025-12-11 11:18:22
BCL_ANCRDT_T2Q_v1_0_8.html,6a742a200426c1281eeef277f6f0c69f378305cf6dee65426ff0fc455eb68538,2025-12-11 11:18:20
BCL_ANCRDT_T2Q_v1_0_8.xsd,7604f719269b6431c087c27983c4c9b5c4166be0e58b2478dcf2b04e6e125102,2025-12-11 11:18:20
BCL_ANCRDT_T2Q_v1_0_8_p1.png,5686f48e11367141ad9b9694bf3d367011f014f30cca1ea875cb3c90aee64d70,2025-12-11 11:18:20
BCL_ANCRDT_T2Q_v1_0_8_p2.png,01b51b70501a9e78a6e0b22a1daf9385f26979dd4c6241d6d2d5eaa5a3694ed6,2025-12-11 11:18:20
BCL_ANCRDT_T2Q_v1_0_8_p3.png,21b0795ec26d701c4025644bbaed2541232bfc790e863e270502ff12062ea565,2025-12-11 11:18:20
BCL_ANCRDT_T2Q_v1_0_8_p4.png,edec6ff642894d24de619df007acc167ea769ca7e903d0f1c69980544b213912,2025-12-11 11:18:20
BCL_ANCRDT_T2Q_v1_0_8_p5.png,be54fae7b6703ac7fc2e4cca8d89f4838e27b7b3221fab9ff8093fc5619d689f,2025-12-11 11:18:20
BCL_ANCRDT_T2Q_v1_0_8_p6.png,ce7a1027cb7f7eb4025584af54f0bfdd329e82dd56a0f36d91da9a142f49d557,2025-12-11 11:18:20
BCL_ANCRDT_T2Q_v1_0_8_p7.png,f89a0a569d96d4baf854b174425822cce85ac9379f595b1802f162e14f31ed97,2025-12-11 11:18:20
BCL_ANCRDT_T2Q_v1_0_8_p8.png,f2cb932331be8ec82eeced58a64422da5e957ade8cfd7adba94113ba6132aeda,2025-12-11 11:18:20
BCL_ANCRDT_T2Q_v1_0_9.html,e839935a81160321e248e7a841eb180132d6324e0b27fe4d1682e8b22661fb0e,2025-12-11 11:18:18
BCL_ANCRDT_T2Q_v1_0_9.xsd,69355a23314fac7a3fd2a2b61f33e87d06922ce1e01803249d024987b7fcfb74,2025-12-11 11:18:18
BCL_ANCRDT_T2Q_v1_0_9_p1.png,7240efb50d57e46c9d57e6ca2a1ee27d4abc95ed051fdbf27095eedb834a2b49,2025-12-11 11:18:18
BCL_ANCRDT_T2Q_v1_0_9_p2.png,42fcd3c883897c46693f1cab927fe1a3ad91ed795cbd690da3ebee48da3fd377,2025-12-11 11:18:18
BCL_ANCRDT_T2Q_v1_0_9_p3.png,2fb9834cf0bb0daaff33587cd1f13dd0d11c9a1928a0dd61a4851a82524a90d6,2025-12-11 11:18:18
BCL_ANCRDT_T2Q_v1_0_9_p4.png,3fa2688a996d499afb2b1ee256d882329952115796f7093eaeeeea4154bc909e,2025-12-11 11:18:18
BCL_ANCRDT_T2Q_v1_0_9_p5.png,c4ec45b483f02fdbeb7003fecc8fbce86d72f226cbc17248109e49425b57b6fd,2025-12-11 11:18:18
BCL_ANCRDT_T2Q_v1_0_9_p6.png,1fd90ee7e01f17181554010cfbdd9093bbaae3474e15bb8ddd70f03a23402869,2025-12-11 11:18:18
BCL_ANCRDT_T2Q_v1_0_9_p7.png,c978cbe25bb7147316e4f901ae7805b7c9df360bdf4af0780df2c8492ee30dd2,2025-12-11 11:18:18
BCL_ANCRDT_T2Q_v1_0_9_p8.png,b2b72daea8fdd309640771db14114c6e90f9fc711c934274be82876e19723b67,2025-12-11 11:18:18
BCL_LU_ANCRDT_C_CONSTRAINTS_v1_0_10.html,bf13d8bbeabbb68501f45c1f3c27bcf57e942a942976cbbaa6bf433cbffab12e,2025-12-11 11:18:16
BCL_LU_ANCRDT_C_CONSTRAINTS_v1_0_10.xsd,5c4cf88912f1a58d88be1279a1168929cd65f76f4c1c000f0717bd7f1a8ea9fe,2025-12-11 11:18:16
BCL_LU_ANCRDT_C_CONSTRAINTS_v1_0_11.html,ee35d6df46efaa2cccc4c59babed8efe05e1521cebafb5837aa9d64bd94e09d9,2025-12-11 11:18:13
BCL_LU_ANCRDT_C_CONSTRAINTS_v1_0_11.xsd,c3db1fbbac0b64c10a843380f58d8c69cd67570978e1a2a85379aaa510f7fc73,2025-12-11 11:18:13
BCL_LU_ANCRDT_C_CONSTRAINTS_v1_0_12.html,56321051a9d498504977bcb5cb42858619369d7f840c184521e8dcf874a84251,2025-12-11 11:18:11
BCL_LU_ANCRDT_C_CONSTRAINTS_v1_0_12.xsd,66d22daf36ff760c19c6e7adc27e968533cfd961b091b5e80021e1dc3535efba,2025-12-11 11:18:11
BCL_LU_ANCRDT_C_CONSTRAINTS_v1_0_13.html,4737d7b1c36207ada2f31623c168a85c7a363f735c81199fe03b61247dd7a3aa,2025-12-11 11:18:10
BCL_LU_ANCRDT_C_CONSTRAINTS_v1_0_13.xsd,391ef1feb9c81012c9316d8d87e98d9da3161edfd9c39ed96e1a5ce37dae1d65,2025-12-11 11:18:10
BCL_LU_ANCRDT_C_CONSTRAINTS_v1_0_7.html,849fd353745b948668db248ff65b989fd9e9cb1aca36753c9cf95355b085dabc,2025-12-11 11:18:22
BCL_LU_ANCRDT_C_CONSTRAINTS_v1_0_7.xsd,ea0a3e9e7e46c1b3e87bb44d09a957f93d8a9c75fa0b03a4c709583211d5edbd,2025-12-11 11:18:22
BCL_LU_ANCRDT_C_CONSTRAINTS_v1_0_8.html,b0e12a99d0a1e3bf96d50e124430f4e8d347686ec4142ef34e040b79bab27746,2025-12-11 11:18:20
BCL_LU_ANCRDT_C_CONSTRAINTS_v1_0_8.xsd,33076548f085ed891e6b27a51e027d24304bf7de1f0fecb1526b2221dbaa81b2,2025-12-11 11:18:20
BCL_LU_ANCRDT_C_CONSTRAINTS_v1_0_9.html,864f6214ad6db075ed386b4e58f6b52245a928d0e0862d6798a5b437ef2f5245,2025-12-11 11:18:18
BCL_LU_ANCRDT_C_CONSTRAINTS_v1_0_9.xsd,5590ae7f08e5efef509b3ed8eb2834e8e6430f01433225a78d239f1faad12ce0,2025-12-11 11:18:18
BCL_LU_ANCRDT_C_FORMATS_v1_0_10.html,7a64bec9c2cf7730b1e7497d39b643d83c6934c64b133b11d11c599fbf62e682,2025-12-11 11:18:16
BCL_LU_ANCRDT_C_FORMATS_v1_0_10.xsd,1c0a3cbe0ff3791e1f7ec6bd6080ad201b5692197d1f922d9aa9f634d7b63177,2025-12-11 11:18:16
BCL_LU_ANCRDT_C_FORMATS_v1_0_11.html,7cc8818c2717090c3d40ef837dee86538dec5b8063ce95c651f54cd9885bdd86,2025-12-11 11:18:13
BCL_LU_ANCRDT_C_FORMATS_v1_0_11.xsd,02fe67baf3e49440865d7246f528fca7b57b1dfc611a7a9723a53d3e70dd5611,2025-12-11 11:18:13
BCL_LU_ANCRDT_C_FORMATS_v1_0_12.html,8eddafdb06f9240f9d3127ef2e065a381ad8d22e920143df592f8d2e17b587e6,2025-12-11 11:18:11
BCL_LU_ANCRDT_C_FORMATS_v1_0_12.xsd,dafa6f8e8a0eda5185aebc1a242b8257507bbcdbadb2b6eae4b0fa37fff2c0c2,2025-12-11 11:18:11
BCL_LU_ANCRDT_C_FORMATS_v1_0_13.html,71554788dee6324a558a3800cbeb3d7cb05411372143addbb47058972ff5a286,2025-12-11 11:18:10
BCL_LU_ANCRDT_C_FORMATS_v1_0_13.xsd,a41fdf45d5a001b8eeb25fb9e902e1e0c3fe2557787480957df183a1673de535,2025-12-11 11:18:10
BCL_LU_ANCRDT_C_FORMATS_v1_0_7.html,52b7e00f13352353e2da909a24e881617178fea1d62f35d380c94d5c006acce1,2025-12-11 11:18:22
BCL_LU_ANCRDT_C_FORMATS_v1_0_7.xsd,ff2d04f2203dc4e791744a21b5d38daff87fe572d3ae8b30684b392048baa6fb,2025-12-11 11:18:22
BCL_LU_ANCRDT_C_FORMATS_v1_0_8.html,79d2162fb0a6726ea496ebeae1846cfbad9437efd61d506f7e37b6426afe74cf,2025-12-11 11:18:20
BCL_LU_ANCRDT_C_FORMATS_v1_0_8.xsd,65591ff7bffa07abc5782bc79e4687e105da6d070d070e057d34570f8e0431dd,2025-12-11 11:18:20
BCL_LU_ANCRDT_C_FORMATS_v1_0_9.html,bfb8b703f4a1dafc08a3251e4d2319d2b93b6932c60048905cc820eb97d11208,2025-12-11 11:18:18
BCL_LU_ANCRDT_C_FORMATS_v1_0_9.xsd,97d0a802d68ee19bf0ca1ec774634262fda503ebc29deabe1304af9a4a3c02cf,2025-12-11 11:18:18
ECB_LU_ANCRDT_C_CONSTRAINTS_v1_0_10.html,4208339035d05dce6ee05bd113a76eb4ec91973f35eb153df6cee1195b18d8d9,2025-12-11 11:18:16
ECB_LU_ANCRDT_C_CONSTRAINTS_v1_0_10.xsd,f204ab8f4237d1932745c50a14821db0f7692dd6b5d96a48583df706a8ce34ef,2025-12-11 11:18:16
ECB_LU_ANCRDT_C_CONSTRAINTS_v1_0_11.html,d7212ecfd9cbf6e18e7fa717c58837348991fad45cec36c6ba100c4439a76b5c,2025-12-11 11:18:13
ECB_LU_ANCRDT_C_CONSTRAINTS_v1_0_11.xsd,d5e8969543151b552bb33442ff891fee0d88d280ce3adf2ce61a0b180e2eb026,2025-12-11 11:18:13
ECB_LU_ANCRDT_C_CONSTRAINTS_v1_0_12.html,f6df94723b992321ffabc2e0c5c2aec1654bf1c6d851c7bc251372582a70bfd9,2025-12-11 11:18:11
ECB_LU_ANCRDT_C_CONSTRAINTS_v1_0_12.xsd,12ce62d26f041e111c25830443c2f32a739a20e5268c654c6ee196b72003f428,2025-12-11 11:18:11
ECB_LU_ANCRDT_C_CONSTRAINTS_v1_0_13.html,a3bf73c72824bd9c25aad1d152f4fac15bb6b13a531af171a4bd42f87d2be782,2025-12-11 11:18:10
ECB_LU_ANCRDT_C_CONSTRAINTS_v1_0_13.xsd,d28f97e82fed6eee277c838b00f4dd733cdce9ae4a95c40345649f2c438ce8d2,2025-12-11 11:18:10
ECB_LU_ANCRDT_C_CONSTRAINTS_v1_0_7.html,81c0fb97122d4b44fa9eaec81b1e33b2955729eda9de00bc707946e009b99000,2025-12-11 11:18:22
ECB_LU_ANCRDT_C_CONSTRAINTS_v1_0_7.xsd,5638472d6f996788d4de8be9833eb16a49567ab30af90e92e33bffd65463c9c1,2025-12-11 11:18:22
ECB_LU_ANCRDT_C_CONSTRAINTS_v1_0_8.html,ea1f56bde84f45227fc1879f4171e8752adee0e02a3a8882cbaf47809458af2f,2025-12-11 11:18:20
ECB_LU_ANCRDT_C_CONSTRAINTS_v1_0_8.xsd,eea988bd99867540428c6113dc0bd14024633ebf8a379e9b44593ac3fa28d4f9,2025-12-11 11:18:20
ECB_LU_ANCRDT_C_CONSTRAINTS_v1_0_9.html,59342b6f21d139d8fcb35e19b1b906b4b2e7c199fa14628078398f34508d1cb7,2025-12-11 11:18:18
ECB_LU_ANCRDT_C_CONSTRAINTS_v1_0_9.xsd,4ff10b35c1a32774ea3cf46f6bf3fc6f2b783a075379939c5fcf28d7543975a0,2025-12-11 11:18:18
ECB_LU_ANCRDT_C_FORMATS_v1_0_10.html,14d7447184796d98a0025a6e983ed132c3a42fb19f12156ff8db5a47071c4d32,2025-12-11 11:18:16
ECB_LU_ANCRDT_C_FORMATS_v1_0_10.xsd,f209870ad0e65de3d60d773c5bf886f7ca416666fdb7202f880959ea4eddaf95,2025-12-11 11:18:16
ECB_LU_ANCRDT_C_FORMATS_v1_0_11.html,ea355359d6ca11dd5e7fb5c3bb47117ed0ee12892c096ceaef618ceaa32c0f16,2025-12-11 11:18:13
ECB_LU_ANCRDT_C_FORMATS_v1_0_11.xsd,69cfb298c70f1b46c547563a3fb80bc5bbb421f6ed4a639f337c6bb8854c2158,2025-12-11 11:18:13
ECB_LU_ANCRDT_C_FORMATS_v1_0_12.html,1ff33f037b09cd2271b5d7fb1c10db197fd18176a12f0a96b3d1e315fd8437b0,2025-12-11 11:18:11
ECB_LU_ANCRDT_C_FORMATS_v1_0_12.xsd,bdc9386926f9f27ac3dcbb68a918408d0262f3015c6578cc52886e2f99aca289,2025-12-11 11:18:11
ECB_LU_ANCRDT_C_FORMATS_v1_0_13.html,4d0a1e394756fcb7dff76921d6857cd8ada461a7e8089fb8667bc31888e9774b,2025-12-11 11:18:10
ECB_LU_ANCRDT_C_FORMATS_v1_0_13.xsd,7af5f10991a014fc1ab6d272f8b7a633224280fd351a4a3fa8d434406f76ad59,2025-12-11 11:18:10
ECB_LU_ANCRDT_C_FORMATS_v1_0_7.html,819bea967bfeabb420bbbe59c47b9226fde18d7354360707a510040f05a55d06,2025-12-11 11:18:22
ECB_LU_ANCRDT_C_FORMATS_v1_0_7.xsd,4b2febbfdee342209f058e6d5654ad8c462c550fe8a0db1d51ec6754d5efa9a8,2025-12-11 11:18:22
ECB_LU_ANCRDT_C_FORMATS_v1_0_8.html,ea74fe42dbedd4719e7a86dc93bfba6bba9eb5d6d39ce96497ec9c077bb94097,2025-12-11 11:18:20
ECB_LU_ANCRDT_C_FORMATS_v1_0_8.xsd,957990c9dd67d30d78d49c95f1c609779e87a406975f035796c67957c7056f10,2025-12-11 11:18:20
ECB_LU_ANCRDT_C_FORMATS_v1_0_9.html,5a8a0c1621eba8133ee95e0028097afa1f9101179879f903ba0125adabb6c45b,2025-12-11 11:18:18
ECB_LU_ANCRDT_C_FORMATS_v1_0_9.xsd,589e8bdd680778c94a9f3e5b596fab01253832b28b5d24afad3965d7d592ef8b,2025-12-11 11:18:18
LU_ANCRDT_C_ANCRDT_LGL_FRM_SUBDOMAIN_DIFF_CODES_ONLY_v1_0_9_v1_0_10.xlsx,c66dd1e2576f8887ef16c5b5df8749cba4e626daefc7be4c28242d5a6006118a,2025-12-11 11:18:16
LU_ANCRDT_C_CUBE_STRUCTURES_DIFF_v1_0_10_v1_0_11.xlsx,cb7551385a7c20ecfc6bfd079c916f2980b1a3aaee2774830ef066e3e0480118,2025-12-11 11:18:13
LU_ANCRDT_C_CUBE_STRUCTURES_DIFF_v1_0_11_v1_0_12.xlsx,ca5278db870db559c10bc774c61fc02d8d30ff28c8b19f4cd7281083abe43d6c,2025-12-11 11:18:11
LU_ANCRDT_C_CUBE_STRUCTURES_DIFF_v1_0_12_v1_0_13.xlsx,a517a4ce4f2f91602ae2abde58745a8d878cd584059b93acd02ba38c0d97320f,2025-12-11 11:18:10
LU_ANCRDT_C_CUBE_STRUCTURES_DIFF_v1_0_6_v1_0_7.xlsx,bda8f6fcef41384db2c9fbce915985330245ce43aabda1350e30caff7cb4e714,2025-12-11 11:18:21
LU_ANCRDT_C_CUBE_STRUCTURES_DIFF_v1_0_7_v1_0_8.xlsx,4c8a11c2927e099b6528e309fad769b12e88895ed6d904dacb5b4fa2ee57e313,2025-12-11 11:18:19
LU_ANCRDT_C_CUBE_STRUCTURES_DIFF_v1_0_8_v1_0_9.xlsx,d4147667f112cdc5cb251d9e27815d08d054c8a56f483b6fc288aaacf8c6f37d,2025-12-11 11:18:18
LU_ANCRDT_C_CUBE_STRUCTURES_DIFF_v1_0_9_v1_0_10.xlsx,08ee7eff7e7c52499bbb7ffbd07745a62b6c3cae2ee8bbc6c4f2b6011f817115,2025-12-11 11:18:16
LU_ANCRDT_C_CUBE_STRUCTURES_v1_0_10.xlsx,eed43578a4d08fc12b2bc6c50929afa9604c292507688d9d11e9f829c1e56253,2025-12-11 11:18:16
LU_ANCRDT_C_CUBE_STRUCTURES_v1_0_11.xlsx,278b6e61447c7032ac12384236eac21ae8dc67fa1c39ec0b0f9db223b7925df8,2025-12-11 11:18:13
LU_ANCRDT_C_CUBE_STRUCTURES_v1_0_12.xlsx,77f637459bade510441d7c5ccab719c6f49d4c1c892a42f2da831a214e0a7539,2025-12-11 11:18:11
LU_ANCRDT_C_CUBE_STRUCTURES_v1_0_13.xlsx,1fe1f3741462fd5a323866b048fe547357681224d392b9e9271694a73cd2eaa0,2025-12-11 11:18:10
LU_ANCRDT_C_CUBE_STRUCTURES_v1_0_7.xlsx,49ca9776fc21bf8816dc26b966eda82897a2294c38b4ab0e22e6284206535129,2025-12-11 11:18:21
LU_ANCRDT_C_CUBE_STRUCTURES_v1_0_8.xlsx,0f38236a9a68709b8178edaf53c9fdac939e62d1b907682ac57aa32e7dae4c86,2025-12-11 11:18:19
LU_ANCRDT_C_CUBE_STRUCTURES_v1_0_9.xlsx,4a65a24fa292adfb269827772878b579d2adf9e06b33fced0f2610f2119b4b03,2025-12-11 11:18:18
LU_ANCRDT_C_FACETS_DIFF_v1_0_10_v1_0_11.xlsx,1865a6158370903304c38d6b6326c1a04c9b996c6b9e21569324152e9f989ec2,2025-12-11 11:18:13
LU_ANCRDT_C_FACETS_DIFF_v1_0_11_v1_0_12.xlsx,c309bb3d8d73cc9759c90ca8929ffe0f54144901507c78fe4777ae06b2467d89,2025-12-11 11:18:11
LU_ANCRDT_C_FACETS_DIFF_v1_0_12_v1_0_13.xlsx,22279fc630a559a7aab1a3b4261132f189e07a3581579afe87603c54b87d514f,2025-12-11 11:18:10
LU_ANCRDT_C_FACETS_DIFF_v1_0_6_v1_0_7.xlsx,ccaf896a4cc020ff2a8c712f4ecb4f82badc2bf69456d641673376bd57bd8d7a,2025-12-11 11:18:21
LU_ANCRDT_C_FACETS_DIFF_v1_0_7_v1_0_8.xlsx,2bd2e5872d88cd61092f92abd1f955d7f70d33b31758c4ab38cb8c7d683a9401,2025-12-11 11:18:19
LU_ANCRDT_C_FACETS_DIFF_v1_0_8_v1_0_9.xlsx,2c0a645273329e15931ea3c449179875fec03c334d8b5b6998e6b6cfc245746f,2025-12-11 11:18:18
LU_ANCRDT_C_FACETS_DIFF_v1_0_9_v1_0_10.xlsx,c81fb03584374265ad1d94c0c67350e9e4db1b61f6ee942325f7e3893d13d52e,2025-12-11 11:18:16
LU_ANCRDT_C_FACETS_v1_0_10.xlsx,57fdd036f722ef0519e27b677aa6a74611c5a9ddf431786e81ee2f3f11e280c3,2025-12-11 11:18:16
LU_ANCRDT_C_FACETS_v1_0_11.xlsx,c8a9370b708476a2eacdd5ba04ae2d8597e671608cfe73f9bf1bd2aa08d19b38,2025-12-11 11:18:13
LU_ANCRDT_C_FACETS_v1_0_12.xlsx,dc06c709b8a1040a6a570e95bb3f760ca3e549c460afc9ef752d12c3a68c16be,2025-12-11 11:18:11
LU_ANCRDT_C_FACETS_v1_0_13.xlsx,1625227bd22d1b895ec36030fdc5f17ed87accc10bd27f7360c1615d6f8cb598,2025-12-11 11:18:10
LU_ANCRDT_C_FACETS_v1_0_7.xlsx,23ad7cf36507186fb90f680bdeb908f8a5f3f87f8249718f5c24674383edae0d,2025-12-11 11:18:21
LU_ANCRDT_C_FACETS_v1_0_8.xlsx,00b1974721569e383f9b8886ffc080b38a05fe9973a8129d8e9a4ef8a1f0b17a,2025-12-11 11:18:19
LU_ANCRDT_C_FACETS_v1_0_9.xlsx,99c6460e38653820240e156f4e3d9866c2259b98b0ac587ac7806638c5e6e479,2025-12-11 11:18:18
LU_ANCRDT_C_NUTS3_ANCRDT_CLLCTN_SUBDOMAIN_DIFF_CODES_ONLY_v1_0_10_v1_0_11.xlsx,5ce3c75d8aaf2d658ce219974b7dc8ad0e59b9cbc0a1bd53858323a8a32730e3,2025-12-11 11:18:13
LU_ANCRDT_C_SUBDOMAINS_DIFF_v1_0_10_v1_0_11.xlsx,fc99c584c63f5bfd8845d6804bfccc2b667a68a88cce5710f35279572f166a46,2025-12-11 11:18:13
LU_ANCRDT_C_SUBDOMAINS_DIFF_v1_0_11_v1_0_12.xlsx,8090135460446d79b2d54e7f7a33eb65bb00792fdd3e8344bfbb0237f91751a2,2025-12-11 11:18:11
LU_ANCRDT_C_SUBDOMAINS_DIFF_v1_0_12_v1_0_13.xlsx,e81b663777d1ef6f5e44c616f04b32066a0c4ad6d755fada27860b92cc16e29b,2025-12-11 11:18:10
LU_ANCRDT_C_SUBDOMAINS_DIFF_v1_0_6_v1_0_7.xlsx,1c9934add25ebf20a949f080cb1f5616981c775223725a157a1a3507f6d350d2,2025-12-11 11:18:21
LU_ANCRDT_C_SUBDOMAINS_DIFF_v1_0_7_v1_0_8.xlsx,e1614d455964b079727d5f100f0da45fb37c0e7fd1de48868f859e470b6dd8f5,2025-12-11 11:18:19
LU_ANCRDT_C_SUBDOMAINS_DIFF_v1_0_8_v1_0_9.xlsx,b6d54fba3ea4237717e2fe1e5b8f797324abe9203a199f40708dc4aad68b89e8,2025-12-11 11:18:18
LU_ANCRDT_C_SUBDOMAINS_DIFF_v1_0_9_v1_0_10.xlsx,3a2ce3b3fa003a25a7786f698abe70541e05142873200190d84d11d1cb23746f,2025-12-11 11:18:16
LU_ANCRDT_C_SUBDOMAINS_v1_0_10.xlsx,130a1aebbb09723af89b82b8de6fb0651920285587bc04dd3dd735b1ac17497c,2025-12-11 11:18:16
LU_ANCRDT_C_SUBDOMAINS_v1_0_11.xlsx,e56fa5d41c153ee32bcb4b5fce4b2161b1ca6ef20011fde8ea0a9a3b71548524,2025-12-11 11:18:13
LU_ANCRDT_C_SUBDOMAINS_v1_0_12.xlsx,7dd1d4d670e3fe5d053577dd9127194891e698483a3e5effc59e9d154b3563cf,2025-12-11 11:18:11
LU_ANCRDT_C_SUBDOMAINS_v1_0_13.xlsx,27319e0c94bf5aed87fb154a8cb62d0ace3b5c3a6b6d8fe2fbb6def862554062,2025-12-11 11:18:10
LU_ANCRDT_C_SUBDOMAINS_v1_0_7.xlsx,cd9ab9f1293080dd0f1217062edf2c14dd3a21d447f4423780127d1197932de0,2025-12-11 11:18:21
LU_ANCRDT_C_SUBDOMAINS_v1_0_8.xlsx,0f9933a6e4192214ccbce3f624dcb7315b8c5c9cf250e1a1a107819b8c7c4ea6,2025-12-11 11:18:19
LU_ANCRDT_C_SUBDOMAINS_v1_0_9.xlsx,c29ed6ba0ce5fb36919a8ee9f04b71239c8612482e095e596d5982385079fc80,2025-12-11 11:18:18
metadata.py,f621ad0b43d0714782f6fa32034bee89e0f0a33c763fa0445729b9144b4cc897,2025-12-11 15:07:41
Thumbs.db,8c7de0bc6483fd584dae2c741009f8004fb28ee1a8102755b92c49246d042df9,2025-12-11 11:18:13
~$AnaCredit_subdomains_v1_0_11.xlsx,f6944d4c6bf18945de48877f3321678ab65aa68cf28670c63f1de82a2863370c,2025-12-11 11:18:13
~$List_of_national_identifiers.xlsx,f6944d4c6bf18945de48877f3321678ab65aa68cf28670c63f1de82a2863370c,2025-12-11 11:18:13
~$LU_ANCRDT_C_CUBE_STRUCTURES_DIFF_v1_0_11_v1_0_12.xlsx,b949988f4b9dbeba04d05ff670efd95b76a30451cf0992a092d007703ed58738,2025-12-11 11:18:11
~$LU_ANCRDT_C_CUBE_STRUCTURES_v1_0_12.xlsx,f6944d4c6bf18945de48877f3321678ab65aa68cf28670c63f1de82a2863370c,2025-12-11 11:18:11
~$LU_ANCRDT_C_FACETS_DIFF_v1_0_11_v1_0_12.xlsx,f6944d4c6bf18945de48877f3321678ab65aa68cf28670c63f1de82a2863370c,2025-12-11 11:18:11
~$LU_ANCRDT_C_FACETS_v1_0_12.xlsx,f6944d4c6bf18945de48877f3321678ab65aa68cf28670c63f1de82a2863370c,2025-12-11 11:18:11
~$LU_ANCRDT_C_SUBDOMAINS_DIFF_v1_0_10_v1_0_11.xlsx,f6944d4c6bf18945de48877f3321678ab65aa68cf28670c63f1de82a2863370c,2025-12-11 11:18:13
